iso3,year,salt_intake_pd_median,salt_intake_pd_median_female,salt_intake_pd_median_male
AFG,2000,2.97,2.86,2.95
AFG,2001,2.98,2.86,2.97
AFG,2002,2.98,2.86,2.97
AFG,2003,2.99,2.86,2.97
AFG,2004,2.99,2.87,2.97
AFG,2005,2.99,2.85,2.99
AFG,2006,3.0,2.87,2.97
AFG,2007,3.0,2.87,2.97
AFG,2008,3.0,2.88,2.97
AFG,2009,3.01,2.88,2.98
AFG,2010,3.04,2.91,2.98
AFG,2011,3.01,2.88,2.98
AFG,2012,3.02,2.89,2.98
AFG,2013,3.02,2.89,2.98
AFG,2014,3.03,2.89,2.98
AFG,2015,3.01,2.87,2.97
AFG,2016,3.03,2.9,2.98
AFG,2017,3.04,2.9,2.99
AFG,2018,3.04,2.91,2.99
AFG,2019,3.04,2.9,2.99
AFG,2020,3.05,2.91,2.99
AGO,2000,1.93,1.83,1.93
AGO,2001,1.95,1.85,1.94
AGO,2002,1.94,1.85,1.94
AGO,2003,1.94,1.84,1.93
AGO,2004,1.94,1.84,1.93
AGO,2005,1.95,1.85,1.93
AGO,2006,1.93,1.83,1.92
AGO,2007,1.92,1.82,1.92
AGO,2008,1.92,1.81,1.92
AGO,2009,1.91,1.81,1.91
AGO,2010,1.93,1.84,1.94
AGO,2011,1.9,1.8,1.91
AGO,2012,1.9,1.79,1.9
AGO,2013,1.89,1.78,1.9
AGO,2014,1.89,1.78,1.89
AGO,2015,1.88,1.77,1.87
AGO,2016,1.88,1.77,1.89
AGO,2017,1.87,1.76,1.88
AGO,2018,1.85,1.73,1.88
AGO,2019,1.86,1.75,1.88
AGO,2020,1.86,1.74,1.87
ALB,2000,2.17,1.99,2.19
ALB,2001,2.18,2.01,2.2
ALB,2002,2.19,2.02,2.22
ALB,2003,2.2,2.03,2.23
ALB,2004,2.22,2.04,2.24
ALB,2005,2.19,2.03,2.2
ALB,2006,2.24,2.06,2.27
ALB,2007,2.25,2.07,2.28
ALB,2008,2.26,2.08,2.29
ALB,2009,2.27,2.09,2.3
ALB,2010,2.34,2.15,2.41
ALB,2011,2.29,2.11,2.33
ALB,2012,2.3,2.12,2.34
ALB,2013,2.31,2.13,2.35
ALB,2014,2.32,2.15,2.37
ALB,2015,2.34,2.14,2.38
ALB,2016,2.35,2.17,2.39
ALB,2017,2.36,2.18,2.4
ALB,2018,2.34,2.18,2.38
ALB,2019,2.38,2.2,2.43
ALB,2020,2.39,2.21,2.44
ARE,2000,4.38,4.39,4.34
ARE,2001,4.26,4.28,4.23
ARE,2002,4.24,4.26,4.21
ARE,2003,4.22,4.24,4.19
ARE,2004,4.2,4.22,4.17
ARE,2005,4.11,4.14,4.09
ARE,2006,4.16,4.18,4.13
ARE,2007,4.14,4.16,4.11
ARE,2008,4.11,4.13,4.09
ARE,2009,4.09,4.11,4.07
ARE,2010,3.97,3.99,3.95
ARE,2011,4.05,4.07,4.03
ARE,2012,4.03,4.05,4.01
ARE,2013,4.01,4.03,3.99
ARE,2014,3.99,4.01,3.97
ARE,2015,3.97,3.99,3.95
ARE,2016,3.94,3.96,3.92
ARE,2017,3.92,3.94,3.9
ARE,2018,3.97,3.99,3.95
ARE,2019,3.88,3.9,3.86
ARE,2020,3.86,3.88,3.84
ARG,2000,2.3,2.09,2.49
ARG,2001,2.28,2.08,2.48
ARG,2002,2.28,2.08,2.48
ARG,2003,2.28,2.08,2.48
ARG,2004,2.28,2.08,2.48
ARG,2005,2.26,2.06,2.46
ARG,2006,2.28,2.08,2.48
ARG,2007,2.28,2.08,2.48
ARG,2008,2.28,2.08,2.48
ARG,2009,2.28,2.08,2.48
ARG,2010,2.27,2.07,2.47
ARG,2011,2.28,2.08,2.48
ARG,2012,2.28,2.08,2.48
ARG,2013,2.28,2.08,2.48
ARG,2014,2.28,2.08,2.48
ARG,2015,2.28,2.08,2.48
ARG,2016,2.27,2.08,2.48
ARG,2017,2.27,2.08,2.48
ARG,2018,2.28,2.08,2.48
ARG,2019,2.27,2.08,2.48
ARG,2020,2.27,2.08,2.48
ARM,2000,1.97,1.8,2.02
ARM,2001,2.04,1.86,2.09
ARM,2002,2.05,1.87,2.1
ARM,2003,2.06,1.89,2.11
ARM,2004,2.07,1.9,2.12
ARM,2005,2.14,1.95,2.19
ARM,2006,2.1,1.92,2.15
ARM,2007,2.11,1.93,2.16
ARM,2008,2.12,1.94,2.17
ARM,2009,2.13,1.96,2.18
ARM,2010,2.19,2.02,2.24
ARM,2011,2.16,1.98,2.21
ARM,2012,2.17,1.99,2.22
ARM,2013,2.18,2.0,2.23
ARM,2014,2.19,2.02,2.24
ARM,2015,2.2,2.01,2.25
ARM,2016,2.22,2.04,2.27
ARM,2017,2.23,2.05,2.28
ARM,2018,2.21,2.04,2.26
ARM,2019,2.26,2.08,2.31
ARM,2020,2.27,2.09,2.32
ATG,2000,3.2,3.04,3.14
ATG,2001,3.2,3.05,3.16
ATG,2002,3.21,3.06,3.17
ATG,2003,3.22,3.06,3.18
ATG,2004,3.23,3.07,3.19
ATG,2005,3.17,3.03,3.14
ATG,2006,3.24,3.08,3.21
ATG,2007,3.25,3.09,3.22
ATG,2008,3.26,3.1,3.23
ATG,2009,3.27,3.11,3.24
ATG,2010,3.36,3.19,3.36
ATG,2011,3.28,3.12,3.26
ATG,2012,3.29,3.13,3.27
ATG,2013,3.3,3.13,3.28
ATG,2014,3.31,3.14,3.29
ATG,2015,3.32,3.16,3.31
ATG,2016,3.33,3.16,3.31
ATG,2017,3.33,3.16,3.32
ATG,2018,3.31,3.13,3.28
ATG,2019,3.35,3.18,3.34
ATG,2020,3.36,3.18,3.35
AUS,2000,1.33,1.26,1.39
AUS,2001,1.32,1.26,1.39
AUS,2002,1.32,1.26,1.38
AUS,2003,1.32,1.25,1.38
AUS,2004,1.32,1.25,1.38
AUS,2005,1.31,1.25,1.38
AUS,2006,1.32,1.25,1.38
AUS,2007,1.32,1.25,1.38
AUS,2008,1.32,1.25,1.38
AUS,2009,1.31,1.25,1.38
AUS,2010,1.31,1.25,1.37
AUS,2011,1.31,1.25,1.37
AUS,2012,1.31,1.25,1.37
AUS,2013,1.31,1.25,1.37
AUS,2014,1.31,1.25,1.37
AUS,2015,1.31,1.25,1.37
AUS,2016,1.31,1.25,1.37
AUS,2017,1.31,1.25,1.37
AUS,2018,1.31,1.25,1.37
AUS,2019,1.31,1.25,1.37
AUS,2020,1.3,1.25,1.36
AUT,2000,1.47,1.44,1.5
AUT,2001,1.47,1.44,1.5
AUT,2002,1.47,1.44,1.5
AUT,2003,1.48,1.44,1.5
AUT,2004,1.48,1.44,1.5
AUT,2005,1.48,1.44,1.5
AUT,2006,1.48,1.44,1.5
AUT,2007,1.48,1.44,1.5
AUT,2008,1.48,1.44,1.5
AUT,2009,1.48,1.45,1.5
AUT,2010,1.48,1.45,1.51
AUT,2011,1.48,1.45,1.5
AUT,2012,1.48,1.45,1.5
AUT,2013,1.48,1.45,1.5
AUT,2014,1.48,1.45,1.5
AUT,2015,1.48,1.45,1.5
AUT,2016,1.48,1.45,1.5
AUT,2017,1.48,1.45,1.5
AUT,2018,1.48,1.45,1.5
AUT,2019,1.48,1.45,1.5
AUT,2020,1.48,1.45,1.5
AZE,2000,1.87,1.73,1.91
AZE,2001,1.92,1.75,1.95
AZE,2002,1.92,1.76,1.96
AZE,2003,1.93,1.76,1.97
AZE,2004,1.93,1.77,1.97
AZE,2005,1.98,1.79,2.02
AZE,2006,1.94,1.78,1.98
AZE,2007,1.95,1.79,1.99
AZE,2008,1.95,1.79,1.99
AZE,2009,1.96,1.8,2.0
AZE,2010,1.99,1.82,2.02
AZE,2011,1.97,1.81,2.01
AZE,2012,1.97,1.82,2.02
AZE,2013,1.98,1.82,2.02
AZE,2014,1.99,1.83,2.03
AZE,2015,1.98,1.83,2.03
AZE,2016,2.0,1.84,2.04
AZE,2017,2.0,1.84,2.04
AZE,2018,1.99,1.84,2.03
AZE,2019,2.01,1.86,2.05
AZE,2020,2.02,1.86,2.06
BDI,2000,1.81,1.71,1.83
BDI,2001,1.84,1.75,1.85
BDI,2002,1.84,1.74,1.84
BDI,2003,1.83,1.74,1.84
BDI,2004,1.83,1.74,1.84
BDI,2005,1.88,1.8,1.87
BDI,2006,1.82,1.73,1.83
BDI,2007,1.82,1.73,1.82
BDI,2008,1.82,1.72,1.82
BDI,2009,1.81,1.72,1.81
BDI,2010,1.81,1.7,1.8
BDI,2011,1.81,1.71,1.81
BDI,2012,1.8,1.71,1.8
BDI,2013,1.8,1.71,1.8
BDI,2014,1.8,1.7,1.79
BDI,2015,1.78,1.69,1.79
BDI,2016,1.79,1.7,1.78
BDI,2017,1.79,1.69,1.78
BDI,2018,1.78,1.69,1.77
BDI,2019,1.78,1.69,1.77
BDI,2020,1.78,1.68,1.77
BEL,2000,1.32,1.24,1.39
BEL,2001,1.31,1.23,1.38
BEL,2002,1.31,1.23,1.38
BEL,2003,1.31,1.23,1.38
BEL,2004,1.31,1.23,1.38
BEL,2005,1.3,1.22,1.36
BEL,2006,1.31,1.23,1.37
BEL,2007,1.31,1.23,1.37
BEL,2008,1.31,1.23,1.37
BEL,2009,1.3,1.23,1.37
BEL,2010,1.3,1.23,1.37
BEL,2011,1.3,1.23,1.37
BEL,2012,1.3,1.23,1.37
BEL,2013,1.3,1.23,1.37
BEL,2014,1.3,1.23,1.37
BEL,2015,1.3,1.23,1.37
BEL,2016,1.3,1.23,1.37
BEL,2017,1.3,1.23,1.37
BEL,2018,1.3,1.23,1.37
BEL,2019,1.3,1.23,1.37
BEL,2020,1.29,1.23,1.36
BEN,2000,1.99,1.94,2.01
BEN,2001,1.98,1.93,2.0
BEN,2002,1.99,1.94,2.01
BEN,2003,1.99,1.94,2.01
BEN,2004,1.99,1.94,2.01
BEN,2005,1.97,1.92,1.99
BEN,2006,2.0,1.95,2.02
BEN,2007,2.0,1.95,2.03
BEN,2008,2.0,1.96,2.03
BEN,2009,2.0,1.96,2.03
BEN,2010,2.02,1.98,2.06
BEN,2011,2.01,1.96,2.04
BEN,2012,2.01,1.97,2.05
BEN,2013,2.01,1.97,2.05
BEN,2014,2.01,1.97,2.05
BEN,2015,2.02,1.98,2.06
BEN,2016,2.02,1.98,2.06
BEN,2017,2.02,1.98,2.06
BEN,2018,2.02,1.98,2.06
BEN,2019,2.03,1.99,2.07
BEN,2020,2.03,1.99,2.08
BFA,2000,1.92,1.81,1.93
BFA,2001,1.81,1.71,1.81
BFA,2002,1.8,1.7,1.8
BFA,2003,1.79,1.69,1.79
BFA,2004,1.78,1.68,1.78
BFA,2005,1.66,1.56,1.65
BFA,2006,1.76,1.66,1.75
BFA,2007,1.74,1.65,1.74
BFA,2008,1.73,1.64,1.73
BFA,2009,1.72,1.62,1.72
BFA,2010,1.66,1.59,1.65
BFA,2011,1.7,1.6,1.7
BFA,2012,1.69,1.59,1.68
BFA,2013,1.67,1.58,1.67
BFA,2014,1.66,1.57,1.66
BFA,2015,1.68,1.58,1.67
BFA,2016,1.64,1.55,1.64
BFA,2017,1.63,1.54,1.63
BFA,2018,1.65,1.55,1.66
BFA,2019,1.61,1.51,1.6
BFA,2020,1.59,1.5,1.59
BGD,2000,3.58,3.62,3.55
BGD,2001,3.62,3.65,3.58
BGD,2002,3.62,3.66,3.59
BGD,2003,3.63,3.67,3.6
BGD,2004,3.64,3.68,3.61
BGD,2005,3.66,3.69,3.62
BGD,2006,3.66,3.69,3.62
BGD,2007,3.67,3.7,3.63
BGD,2008,3.68,3.71,3.64
BGD,2009,3.69,3.72,3.65
BGD,2010,3.74,3.77,3.7
BGD,2011,3.7,3.74,3.67
BGD,2012,3.71,3.74,3.67
BGD,2013,3.72,3.75,3.68
BGD,2014,3.73,3.76,3.69
BGD,2015,3.74,3.77,3.7
BGD,2016,3.75,3.78,3.71
BGD,2017,3.76,3.79,3.72
BGD,2018,3.74,3.77,3.7
BGD,2019,3.78,3.8,3.73
BGD,2020,3.78,3.81,3.74
BGR,2000,2.0,1.87,2.12
BGR,2001,1.99,1.86,2.11
BGR,2002,1.99,1.86,2.11
BGR,2003,1.99,1.86,2.1
BGR,2004,1.98,1.85,2.1
BGR,2005,1.98,1.85,2.09
BGR,2006,1.98,1.85,2.1
BGR,2007,1.98,1.85,2.1
BGR,2008,1.98,1.85,2.09
BGR,2009,1.98,1.85,2.09
BGR,2010,1.96,1.83,2.08
BGR,2011,1.97,1.84,2.09
BGR,2012,1.97,1.84,2.09
BGR,2013,1.97,1.84,2.08
BGR,2014,1.97,1.84,2.08
BGR,2015,1.97,1.84,2.08
BGR,2016,1.97,1.84,2.08
BGR,2017,1.96,1.83,2.08
BGR,2018,1.97,1.84,2.08
BGR,2019,1.96,1.83,2.07
BGR,2020,1.96,1.83,2.07
BHR,2000,6.63,6.48,6.77
BHR,2001,6.62,6.47,6.76
BHR,2002,6.63,6.48,6.77
BHR,2003,6.64,6.49,6.78
BHR,2004,6.65,6.5,6.79
BHR,2005,6.6,6.44,6.74
BHR,2006,6.68,6.52,6.81
BHR,2007,6.69,6.54,6.82
BHR,2008,6.7,6.55,6.83
BHR,2009,6.71,6.56,6.84
BHR,2010,6.78,6.63,6.9
BHR,2011,6.73,6.58,6.86
BHR,2012,6.75,6.59,6.87
BHR,2013,6.76,6.61,6.88
BHR,2014,6.77,6.62,6.89
BHR,2015,6.79,6.64,6.91
BHR,2016,6.79,6.64,6.91
BHR,2017,6.8,6.65,6.92
BHR,2018,6.79,6.64,6.91
BHR,2019,6.82,6.67,6.94
BHR,2020,6.84,6.69,6.95
BHS,2000,3.22,3.04,3.21
BHS,2001,3.18,3.01,3.15
BHS,2002,3.18,3.01,3.15
BHS,2003,3.17,3.01,3.15
BHS,2004,3.17,3.01,3.14
BHS,2005,3.12,2.95,3.08
BHS,2006,3.17,3.0,3.14
BHS,2007,3.17,3.0,3.14
BHS,2008,3.16,3.0,3.14
BHS,2009,3.16,3.0,3.14
BHS,2010,3.15,3.03,3.1
BHS,2011,3.16,2.99,3.13
BHS,2012,3.15,2.99,3.13
BHS,2013,3.15,2.99,3.13
BHS,2014,3.15,2.99,3.13
BHS,2015,3.16,2.99,3.13
BHS,2016,3.15,2.98,3.12
BHS,2017,3.14,2.98,3.12
BHS,2018,3.15,2.97,3.15
BHS,2019,3.14,2.98,3.12
BHS,2020,3.14,2.97,3.12
BIH,2000,1.98,1.83,2.02
BIH,2001,2.01,1.85,2.05
BIH,2002,2.01,1.85,2.05
BIH,2003,2.02,1.86,2.05
BIH,2004,2.02,1.86,2.06
BIH,2005,2.06,1.89,2.09
BIH,2006,2.02,1.86,2.06
BIH,2007,2.03,1.87,2.07
BIH,2008,2.03,1.87,2.07
BIH,2009,2.03,1.87,2.07
BIH,2010,2.04,1.87,2.09
BIH,2011,2.04,1.88,2.08
BIH,2012,2.04,1.88,2.08
BIH,2013,2.05,1.88,2.09
BIH,2014,2.05,1.89,2.09
BIH,2015,2.04,1.89,2.08
BIH,2016,2.06,1.89,2.1
BIH,2017,2.06,1.89,2.1
BIH,2018,2.06,1.89,2.1
BIH,2019,2.06,1.9,2.11
BIH,2020,2.07,1.9,2.11
BLR,2000,2.15,1.96,2.18
BLR,2001,2.16,1.98,2.21
BLR,2002,2.17,1.99,2.22
BLR,2003,2.17,1.99,2.22
BLR,2004,2.18,2.0,2.23
BLR,2005,2.18,2.01,2.26
BLR,2006,2.19,2.01,2.24
BLR,2007,2.2,2.01,2.25
BLR,2008,2.2,2.02,2.25
BLR,2009,2.21,2.02,2.26
BLR,2010,2.24,2.06,2.28
BLR,2011,2.22,2.03,2.27
BLR,2012,2.22,2.04,2.28
BLR,2013,2.23,2.04,2.29
BLR,2014,2.23,2.04,2.29
BLR,2015,2.24,2.04,2.29
BLR,2016,2.24,2.05,2.3
BLR,2017,2.25,2.06,2.31
BLR,2018,2.24,2.05,2.31
BLR,2019,2.26,2.07,2.32
BLR,2020,2.27,2.07,2.33
BLZ,2000,2.79,2.72,2.85
BLZ,2001,2.8,2.73,2.86
BLZ,2002,2.8,2.73,2.86
BLZ,2003,2.8,2.73,2.86
BLZ,2004,2.8,2.73,2.86
BLZ,2005,2.8,2.73,2.86
BLZ,2006,2.8,2.73,2.86
BLZ,2007,2.8,2.73,2.86
BLZ,2008,2.8,2.73,2.86
BLZ,2009,2.81,2.74,2.87
BLZ,2010,2.82,2.75,2.88
BLZ,2011,2.81,2.74,2.87
BLZ,2012,2.81,2.74,2.87
BLZ,2013,2.81,2.74,2.87
BLZ,2014,2.81,2.74,2.87
BLZ,2015,2.81,2.74,2.87
BLZ,2016,2.81,2.74,2.87
BLZ,2017,2.81,2.74,2.87
BLZ,2018,2.81,2.74,2.87
BLZ,2019,2.82,2.75,2.88
BLZ,2020,2.82,2.75,2.88
BOL,2000,2.91,2.77,2.88
BOL,2001,2.93,2.79,2.92
BOL,2002,2.94,2.79,2.93
BOL,2003,2.94,2.8,2.93
BOL,2004,2.95,2.8,2.94
BOL,2005,2.96,2.8,2.97
BOL,2006,2.96,2.81,2.95
BOL,2007,2.97,2.82,2.96
BOL,2008,2.97,2.82,2.96
BOL,2009,2.98,2.83,2.97
BOL,2010,3.02,2.88,3.02
BOL,2011,2.99,2.84,2.98
BOL,2012,3.0,2.84,2.99
BOL,2013,3.0,2.85,2.99
BOL,2014,3.01,2.85,3.0
BOL,2015,3.01,2.85,3.0
BOL,2016,3.02,2.86,3.01
BOL,2017,3.03,2.87,3.01
BOL,2018,3.02,2.85,2.99
BOL,2019,3.04,2.87,3.03
BOL,2020,3.05,2.88,3.03
BRA,2000,3.95,3.85,4.05
BRA,2001,3.97,3.87,4.07
BRA,2002,3.98,3.88,4.08
BRA,2003,3.99,3.89,4.09
BRA,2004,4.0,3.9,4.1
BRA,2005,4.0,3.9,4.1
BRA,2006,4.02,3.92,4.12
BRA,2007,4.03,3.92,4.13
BRA,2008,4.04,3.93,4.14
BRA,2009,4.04,3.94,4.14
BRA,2010,4.1,3.99,4.2
BRA,2011,4.06,3.96,4.16
BRA,2012,4.07,3.97,4.17
BRA,2013,4.08,3.98,4.18
BRA,2014,4.09,3.99,4.19
BRA,2015,4.1,4.0,4.2
BRA,2016,4.11,4.0,4.21
BRA,2017,4.12,4.01,4.22
BRA,2018,4.1,4.0,4.2
BRA,2019,4.13,4.03,4.23
BRA,2020,4.14,4.04,4.24
BRB,2000,3.02,2.97,3.06
BRB,2001,3.07,3.02,3.11
BRB,2002,3.07,3.02,3.11
BRB,2003,3.08,3.02,3.12
BRB,2004,3.08,3.03,3.12
BRB,2005,3.13,3.08,3.17
BRB,2006,3.09,3.03,3.13
BRB,2007,3.09,3.04,3.13
BRB,2008,3.09,3.04,3.13
BRB,2009,3.1,3.04,3.14
BRB,2010,3.13,3.07,3.17
BRB,2011,3.11,3.05,3.15
BRB,2012,3.11,3.05,3.15
BRB,2013,3.11,3.06,3.15
BRB,2014,3.12,3.06,3.16
BRB,2015,3.11,3.06,3.15
BRB,2016,3.12,3.07,3.16
BRB,2017,3.13,3.07,3.17
BRB,2018,3.11,3.05,3.15
BRB,2019,3.13,3.08,3.17
BRB,2020,3.14,3.08,3.18
BRN,2000,1.26,1.22,1.23
BRN,2001,1.27,1.23,1.24
BRN,2002,1.27,1.23,1.24
BRN,2003,1.27,1.23,1.24
BRN,2004,1.27,1.22,1.24
BRN,2005,1.28,1.24,1.26
BRN,2006,1.27,1.22,1.24
BRN,2007,1.27,1.22,1.24
BRN,2008,1.27,1.22,1.24
BRN,2009,1.27,1.22,1.24
BRN,2010,1.27,1.21,1.25
BRN,2011,1.27,1.22,1.24
BRN,2012,1.27,1.22,1.24
BRN,2013,1.27,1.22,1.24
BRN,2014,1.27,1.22,1.24
BRN,2015,1.27,1.22,1.24
BRN,2016,1.27,1.21,1.24
BRN,2017,1.27,1.21,1.24
BRN,2018,1.27,1.21,1.24
BRN,2019,1.27,1.21,1.24
BRN,2020,1.27,1.21,1.24
BTN,2000,2.85,2.69,2.79
BTN,2001,2.86,2.71,2.81
BTN,2002,2.86,2.71,2.81
BTN,2003,2.86,2.71,2.81
BTN,2004,2.85,2.72,2.81
BTN,2005,2.85,2.72,2.81
BTN,2006,2.85,2.72,2.81
BTN,2007,2.85,2.72,2.81
BTN,2008,2.85,2.72,2.81
BTN,2009,2.85,2.72,2.8
BTN,2010,2.87,2.75,2.85
BTN,2011,2.84,2.72,2.8
BTN,2012,2.84,2.72,2.8
BTN,2013,2.84,2.73,2.8
BTN,2014,2.84,2.73,2.8
BTN,2015,2.85,2.76,2.81
BTN,2016,2.84,2.73,2.8
BTN,2017,2.83,2.73,2.8
BTN,2018,2.81,2.69,2.76
BTN,2019,2.83,2.73,2.79
BTN,2020,2.83,2.73,2.79
BWA,2000,1.72,1.62,1.72
BWA,2001,1.73,1.63,1.72
BWA,2002,1.73,1.63,1.72
BWA,2003,1.73,1.63,1.72
BWA,2004,1.73,1.63,1.72
BWA,2005,1.73,1.64,1.72
BWA,2006,1.73,1.63,1.73
BWA,2007,1.73,1.64,1.73
BWA,2008,1.73,1.64,1.73
BWA,2009,1.74,1.64,1.73
BWA,2010,1.75,1.65,1.74
BWA,2011,1.74,1.64,1.73
BWA,2012,1.74,1.64,1.73
BWA,2013,1.74,1.64,1.73
BWA,2014,1.74,1.64,1.73
BWA,2015,1.73,1.63,1.74
BWA,2016,1.74,1.64,1.74
BWA,2017,1.75,1.65,1.74
BWA,2018,1.75,1.65,1.73
BWA,2019,1.75,1.65,1.74
BWA,2020,1.75,1.65,1.74
CAF,2000,1.68,1.57,1.67
CAF,2001,1.68,1.58,1.67
CAF,2002,1.69,1.58,1.68
CAF,2003,1.69,1.59,1.68
CAF,2004,1.69,1.59,1.68
CAF,2005,1.68,1.6,1.67
CAF,2006,1.69,1.59,1.69
CAF,2007,1.69,1.59,1.69
CAF,2008,1.69,1.59,1.69
CAF,2009,1.69,1.59,1.69
CAF,2010,1.72,1.6,1.72
CAF,2011,1.7,1.6,1.7
CAF,2012,1.7,1.6,1.7
CAF,2013,1.7,1.6,1.7
CAF,2014,1.7,1.6,1.7
CAF,2015,1.69,1.6,1.7
CAF,2016,1.7,1.6,1.71
CAF,2017,1.7,1.6,1.71
CAF,2018,1.7,1.6,1.71
CAF,2019,1.7,1.61,1.72
CAF,2020,1.71,1.61,1.72
CAN,2000,1.38,1.35,1.41
CAN,2001,1.38,1.35,1.4
CAN,2002,1.38,1.35,1.41
CAN,2003,1.38,1.35,1.41
CAN,2004,1.38,1.36,1.41
CAN,2005,1.37,1.34,1.39
CAN,2006,1.39,1.36,1.41
CAN,2007,1.39,1.36,1.42
CAN,2008,1.39,1.36,1.42
CAN,2009,1.39,1.37,1.42
CAN,2010,1.41,1.39,1.44
CAN,2011,1.4,1.37,1.42
CAN,2012,1.4,1.37,1.42
CAN,2013,1.4,1.38,1.43
CAN,2014,1.41,1.38,1.43
CAN,2015,1.41,1.38,1.43
CAN,2016,1.41,1.38,1.43
CAN,2017,1.41,1.38,1.43
CAN,2018,1.41,1.38,1.43
CAN,2019,1.42,1.39,1.44
CAN,2020,1.42,1.39,1.44
CHE,2000,1.3,1.26,1.34
CHE,2001,1.29,1.25,1.33
CHE,2002,1.29,1.25,1.33
CHE,2003,1.3,1.25,1.34
CHE,2004,1.3,1.25,1.34
CHE,2005,1.28,1.24,1.32
CHE,2006,1.3,1.25,1.34
CHE,2007,1.3,1.25,1.34
CHE,2008,1.3,1.26,1.34
CHE,2009,1.3,1.26,1.34
CHE,2010,1.31,1.26,1.35
CHE,2011,1.3,1.26,1.34
CHE,2012,1.3,1.26,1.34
CHE,2013,1.3,1.26,1.34
CHE,2014,1.3,1.26,1.34
CHE,2015,1.3,1.26,1.34
CHE,2016,1.3,1.26,1.34
CHE,2017,1.3,1.26,1.34
CHE,2018,1.3,1.26,1.34
CHE,2019,1.3,1.26,1.34
CHE,2020,1.3,1.26,1.34
CHL,2000,3.26,3.1,3.24
CHL,2001,3.26,3.09,3.24
CHL,2002,3.27,3.1,3.25
CHL,2003,3.27,3.1,3.25
CHL,2004,3.28,3.1,3.26
CHL,2005,3.29,3.1,3.26
CHL,2006,3.29,3.11,3.27
CHL,2007,3.29,3.12,3.27
CHL,2008,3.3,3.12,3.28
CHL,2009,3.3,3.12,3.28
CHL,2010,3.29,3.11,3.27
CHL,2011,3.31,3.13,3.29
CHL,2012,3.32,3.14,3.3
CHL,2013,3.32,3.14,3.3
CHL,2014,3.32,3.14,3.31
CHL,2015,3.34,3.16,3.34
CHL,2016,3.33,3.15,3.32
CHL,2017,3.34,3.15,3.32
CHL,2018,3.34,3.16,3.31
CHL,2019,3.35,3.16,3.33
CHL,2020,3.35,3.17,3.34
CHN,2000,1.77,1.68,1.85
CHN,2001,1.79,1.7,1.87
CHN,2002,1.79,1.7,1.87
CHN,2003,1.8,1.71,1.88
CHN,2004,1.8,1.71,1.88
CHN,2005,1.81,1.72,1.89
CHN,2006,1.81,1.72,1.89
CHN,2007,1.81,1.72,1.89
CHN,2008,1.82,1.73,1.9
CHN,2009,1.82,1.73,1.9
CHN,2010,1.85,1.76,1.93
CHN,2011,1.83,1.74,1.91
CHN,2012,1.84,1.75,1.92
CHN,2013,1.84,1.75,1.92
CHN,2014,1.85,1.76,1.93
CHN,2015,1.85,1.76,1.93
CHN,2016,1.85,1.76,1.93
CHN,2017,1.86,1.77,1.94
CHN,2018,1.85,1.76,1.93
CHN,2019,1.87,1.78,1.95
CHN,2020,1.87,1.78,1.95
CIV,2000,1.88,1.84,1.92
CIV,2001,1.88,1.84,1.92
CIV,2002,1.89,1.84,1.92
CIV,2003,1.89,1.85,1.93
CIV,2004,1.89,1.85,1.93
CIV,2005,1.89,1.85,1.93
CIV,2006,1.89,1.85,1.93
CIV,2007,1.9,1.85,1.93
CIV,2008,1.9,1.86,1.94
CIV,2009,1.9,1.86,1.94
CIV,2010,1.91,1.86,1.94
CIV,2011,1.9,1.86,1.94
CIV,2012,1.9,1.86,1.94
CIV,2013,1.91,1.86,1.94
CIV,2014,1.91,1.87,1.95
CIV,2015,1.91,1.87,1.95
CIV,2016,1.91,1.87,1.95
CIV,2017,1.91,1.87,1.95
CIV,2018,1.91,1.87,1.95
CIV,2019,1.92,1.87,1.95
CIV,2020,1.92,1.88,1.96
CMR,2000,1.25,1.19,1.29
CMR,2001,1.26,1.2,1.3
CMR,2002,1.27,1.21,1.31
CMR,2003,1.27,1.21,1.31
CMR,2004,1.27,1.21,1.31
CMR,2005,1.28,1.22,1.32
CMR,2006,1.28,1.22,1.32
CMR,2007,1.28,1.22,1.32
CMR,2008,1.29,1.23,1.33
CMR,2009,1.29,1.23,1.33
CMR,2010,1.31,1.25,1.35
CMR,2011,1.3,1.24,1.34
CMR,2012,1.3,1.24,1.34
CMR,2013,1.3,1.24,1.34
CMR,2014,1.31,1.25,1.35
CMR,2015,1.31,1.25,1.35
CMR,2016,1.31,1.25,1.35
CMR,2017,1.32,1.26,1.36
CMR,2018,1.31,1.25,1.35
CMR,2019,1.32,1.26,1.36
CMR,2020,1.33,1.27,1.37
COD,2000,2.76,2.78,2.72
COD,2001,2.76,2.78,2.72
COD,2002,2.76,2.78,2.72
COD,2003,2.76,2.79,2.73
COD,2004,2.77,2.79,2.73
COD,2005,2.76,2.79,2.73
COD,2006,2.77,2.8,2.74
COD,2007,2.78,2.8,2.74
COD,2008,2.78,2.8,2.74
COD,2009,2.78,2.81,2.75
COD,2010,2.79,2.81,2.75
COD,2011,2.79,2.81,2.75
COD,2012,2.79,2.82,2.76
COD,2013,2.79,2.82,2.76
COD,2014,2.79,2.82,2.76
COD,2015,2.8,2.83,2.77
COD,2016,2.8,2.83,2.77
COD,2017,2.8,2.83,2.77
COD,2018,2.8,2.83,2.77
COD,2019,2.81,2.84,2.78
COD,2020,2.81,2.84,2.78
COG,2000,1.67,1.56,1.69
COG,2001,1.66,1.56,1.67
COG,2002,1.66,1.57,1.67
COG,2003,1.66,1.57,1.67
COG,2004,1.67,1.57,1.67
COG,2005,1.66,1.57,1.66
COG,2006,1.67,1.57,1.68
COG,2007,1.67,1.57,1.68
COG,2008,1.67,1.58,1.68
COG,2009,1.67,1.58,1.68
COG,2010,1.66,1.58,1.66
COG,2011,1.67,1.58,1.68
COG,2012,1.67,1.58,1.68
COG,2013,1.68,1.58,1.68
COG,2014,1.68,1.59,1.68
COG,2015,1.69,1.6,1.69
COG,2016,1.68,1.59,1.68
COG,2017,1.68,1.59,1.68
COG,2018,1.68,1.58,1.69
COG,2019,1.68,1.59,1.68
COG,2020,1.68,1.59,1.68
COL,2000,1.52,1.49,1.55
COL,2001,1.52,1.49,1.55
COL,2002,1.52,1.49,1.55
COL,2003,1.52,1.49,1.55
COL,2004,1.52,1.49,1.55
COL,2005,1.52,1.49,1.55
COL,2006,1.52,1.49,1.55
COL,2007,1.52,1.49,1.55
COL,2008,1.52,1.49,1.55
COL,2009,1.51,1.48,1.54
COL,2010,1.51,1.48,1.54
COL,2011,1.51,1.48,1.54
COL,2012,1.51,1.48,1.54
COL,2013,1.51,1.48,1.54
COL,2014,1.51,1.48,1.54
COL,2015,1.51,1.48,1.54
COL,2016,1.51,1.48,1.54
COL,2017,1.51,1.48,1.54
COL,2018,1.51,1.48,1.54
COL,2019,1.51,1.48,1.54
COL,2020,1.51,1.48,1.54
COM,2000,1.84,1.74,1.82
COM,2001,1.86,1.76,1.85
COM,2002,1.86,1.75,1.84
COM,2003,1.85,1.75,1.84
COM,2004,1.85,1.74,1.84
COM,2005,1.89,1.79,1.88
COM,2006,1.84,1.73,1.83
COM,2007,1.83,1.73,1.83
COM,2008,1.83,1.72,1.82
COM,2009,1.82,1.72,1.82
COM,2010,1.81,1.69,1.81
COM,2011,1.81,1.7,1.81
COM,2012,1.81,1.7,1.81
COM,2013,1.8,1.69,1.81
COM,2014,1.8,1.69,1.8
COM,2015,1.78,1.66,1.79
COM,2016,1.79,1.68,1.8
COM,2017,1.78,1.67,1.79
COM,2018,1.78,1.68,1.79
COM,2019,1.77,1.66,1.79
COM,2020,1.77,1.65,1.78
CPV,2000,1.79,1.68,1.78
CPV,2001,1.8,1.68,1.8
CPV,2002,1.81,1.69,1.81
CPV,2003,1.81,1.7,1.81
CPV,2004,1.82,1.71,1.82
CPV,2005,1.81,1.69,1.82
CPV,2006,1.84,1.72,1.83
CPV,2007,1.84,1.73,1.84
CPV,2008,1.85,1.74,1.85
CPV,2009,1.86,1.75,1.85
CPV,2010,1.9,1.78,1.9
CPV,2011,1.87,1.76,1.87
CPV,2012,1.88,1.77,1.87
CPV,2013,1.89,1.78,1.88
CPV,2014,1.89,1.78,1.89
CPV,2015,1.9,1.8,1.89
CPV,2016,1.91,1.8,1.9
CPV,2017,1.92,1.81,1.91
CPV,2018,1.91,1.8,1.9
CPV,2019,1.93,1.82,1.92
CPV,2020,1.94,1.83,1.93
CRI,2000,3.4,3.21,3.38
CRI,2001,3.38,3.19,3.36
CRI,2002,3.38,3.2,3.36
CRI,2003,3.38,3.2,3.37
CRI,2004,3.38,3.2,3.37
CRI,2005,3.33,3.17,3.32
CRI,2006,3.38,3.2,3.37
CRI,2007,3.38,3.21,3.37
CRI,2008,3.39,3.21,3.37
CRI,2009,3.39,3.21,3.38
CRI,2010,3.41,3.21,3.42
CRI,2011,3.39,3.21,3.38
CRI,2012,3.39,3.21,3.38
CRI,2013,3.39,3.22,3.38
CRI,2014,3.39,3.22,3.39
CRI,2015,3.41,3.25,3.37
CRI,2016,3.4,3.22,3.39
CRI,2017,3.4,3.22,3.39
CRI,2018,3.39,3.21,3.4
CRI,2019,3.4,3.23,3.4
CRI,2020,3.4,3.23,3.4
CUB,2000,3.12,2.95,3.13
CUB,2001,3.07,2.92,3.07
CUB,2002,3.08,2.92,3.07
CUB,2003,3.08,2.93,3.08
CUB,2004,3.09,2.93,3.08
CUB,2005,2.99,2.85,2.98
CUB,2006,3.1,2.94,3.09
CUB,2007,3.1,2.95,3.09
CUB,2008,3.11,2.95,3.09
CUB,2009,3.11,2.96,3.1
CUB,2010,3.17,3.02,3.12
CUB,2011,3.12,2.97,3.1
CUB,2012,3.13,2.97,3.11
CUB,2013,3.13,2.98,3.11
CUB,2014,3.14,2.98,3.11
CUB,2015,3.15,2.97,3.12
CUB,2016,3.15,2.99,3.12
CUB,2017,3.15,3.0,3.12
CUB,2018,3.15,3.01,3.14
CUB,2019,3.16,3.01,3.13
CUB,2020,3.17,3.01,3.13
CYP,2000,1.22,1.12,1.25
CYP,2001,1.23,1.13,1.26
CYP,2002,1.23,1.13,1.26
CYP,2003,1.23,1.13,1.25
CYP,2004,1.23,1.13,1.25
CYP,2005,1.26,1.16,1.27
CYP,2006,1.23,1.13,1.25
CYP,2007,1.23,1.13,1.25
CYP,2008,1.23,1.14,1.25
CYP,2009,1.23,1.14,1.25
CYP,2010,1.22,1.12,1.24
CYP,2011,1.23,1.14,1.25
CYP,2012,1.23,1.14,1.25
CYP,2013,1.23,1.14,1.24
CYP,2014,1.23,1.14,1.24
CYP,2015,1.22,1.13,1.23
CYP,2016,1.23,1.14,1.24
CYP,2017,1.23,1.14,1.24
CYP,2018,1.23,1.15,1.25
CYP,2019,1.23,1.14,1.24
CYP,2020,1.23,1.14,1.24
CZE,2000,2.13,1.97,2.17
CZE,2001,2.18,2.01,2.22
CZE,2002,2.18,2.01,2.22
CZE,2003,2.17,2.0,2.22
CZE,2004,2.17,2.0,2.22
CZE,2005,2.24,2.06,2.29
CZE,2006,2.17,2.0,2.22
CZE,2007,2.17,2.0,2.22
CZE,2008,2.17,1.99,2.22
CZE,2009,2.17,1.99,2.22
CZE,2010,2.17,1.99,2.22
CZE,2011,2.16,1.99,2.22
CZE,2012,2.16,1.99,2.22
CZE,2013,2.16,1.98,2.22
CZE,2014,2.16,1.98,2.22
CZE,2015,2.14,1.95,2.2
CZE,2016,2.16,1.98,2.22
CZE,2017,2.16,1.98,2.22
CZE,2018,2.15,1.98,2.21
CZE,2019,2.15,1.97,2.22
CZE,2020,2.15,1.97,2.22
DEU,2000,1.2,1.15,1.25
DEU,2001,1.19,1.14,1.24
DEU,2002,1.19,1.14,1.24
DEU,2003,1.19,1.14,1.24
DEU,2004,1.19,1.14,1.24
DEU,2005,1.19,1.14,1.23
DEU,2006,1.2,1.15,1.24
DEU,2007,1.2,1.15,1.24
DEU,2008,1.2,1.15,1.24
DEU,2009,1.2,1.15,1.24
DEU,2010,1.19,1.14,1.24
DEU,2011,1.2,1.15,1.24
DEU,2012,1.2,1.15,1.24
DEU,2013,1.2,1.15,1.25
DEU,2014,1.2,1.15,1.25
DEU,2015,1.2,1.15,1.25
DEU,2016,1.2,1.15,1.25
DEU,2017,1.2,1.15,1.25
DEU,2018,1.2,1.15,1.25
DEU,2019,1.2,1.15,1.25
DEU,2020,1.2,1.15,1.25
DJI,2000,1.91,1.8,1.94
DJI,2001,1.98,1.87,2.01
DJI,2002,1.96,1.84,1.98
DJI,2003,1.93,1.82,1.95
DJI,2004,1.9,1.79,1.92
DJI,2005,2.12,1.99,2.13
DJI,2006,1.85,1.74,1.86
DJI,2007,1.82,1.72,1.83
DJI,2008,1.8,1.69,1.81
DJI,2009,1.77,1.67,1.78
DJI,2010,1.59,1.5,1.59
DJI,2011,1.72,1.62,1.72
DJI,2012,1.69,1.59,1.69
DJI,2013,1.66,1.57,1.66
DJI,2014,1.64,1.54,1.63
DJI,2015,1.57,1.47,1.58
DJI,2016,1.58,1.49,1.58
DJI,2017,1.56,1.47,1.55
DJI,2018,1.58,1.5,1.56
DJI,2019,1.5,1.42,1.49
DJI,2020,1.48,1.39,1.46
DMA,2000,3.25,3.11,3.22
DMA,2001,3.21,3.06,3.18
DMA,2002,3.21,3.06,3.18
DMA,2003,3.21,3.06,3.18
DMA,2004,3.21,3.06,3.19
DMA,2005,3.17,3.02,3.15
DMA,2006,3.22,3.07,3.19
DMA,2007,3.22,3.07,3.19
DMA,2008,3.22,3.07,3.19
DMA,2009,3.22,3.07,3.19
DMA,2010,3.19,3.03,3.14
DMA,2011,3.23,3.07,3.2
DMA,2012,3.23,3.07,3.2
DMA,2013,3.23,3.07,3.2
DMA,2014,3.24,3.08,3.2
DMA,2015,3.27,3.07,3.27
DMA,2016,3.24,3.08,3.21
DMA,2017,3.24,3.08,3.21
DMA,2018,3.25,3.12,3.2
DMA,2019,3.25,3.08,3.21
DMA,2020,3.25,3.08,3.22
DNK,2000,1.33,1.26,1.4
DNK,2001,1.34,1.27,1.41
DNK,2002,1.34,1.27,1.41
DNK,2003,1.34,1.27,1.41
DNK,2004,1.34,1.27,1.41
DNK,2005,1.36,1.28,1.42
DNK,2006,1.35,1.27,1.41
DNK,2007,1.35,1.27,1.41
DNK,2008,1.35,1.27,1.41
DNK,2009,1.35,1.28,1.42
DNK,2010,1.35,1.28,1.42
DNK,2011,1.35,1.28,1.42
DNK,2012,1.35,1.28,1.42
DNK,2013,1.35,1.28,1.42
DNK,2014,1.35,1.28,1.42
DNK,2015,1.35,1.28,1.42
DNK,2016,1.35,1.28,1.42
DNK,2017,1.35,1.28,1.42
DNK,2018,1.35,1.28,1.42
DNK,2019,1.35,1.28,1.42
DNK,2020,1.36,1.29,1.43
DOM,2000,2.97,2.82,2.98
DOM,2001,2.99,2.84,2.98
DOM,2002,2.99,2.84,2.98
DOM,2003,2.99,2.85,2.99
DOM,2004,3.0,2.85,2.99
DOM,2005,2.99,2.85,2.96
DOM,2006,3.01,2.86,2.99
DOM,2007,3.01,2.86,3.0
DOM,2008,3.01,2.87,3.0
DOM,2009,3.02,2.87,3.0
DOM,2010,3.07,2.92,3.05
DOM,2011,3.03,2.88,3.01
DOM,2012,3.03,2.88,3.01
DOM,2013,3.03,2.89,3.01
DOM,2014,3.04,2.89,3.02
DOM,2015,3.04,2.9,3.03
DOM,2016,3.04,2.9,3.02
DOM,2017,3.05,2.9,3.02
DOM,2018,3.03,2.88,3.0
DOM,2019,3.06,2.91,3.03
DOM,2020,3.06,2.91,3.03
DZA,2000,3.91,3.67,4.01
DZA,2001,3.97,3.72,4.03
DZA,2002,3.99,3.73,4.05
DZA,2003,4.01,3.75,4.06
DZA,2004,4.02,3.77,4.08
DZA,2005,4.04,3.78,4.05
DZA,2006,4.06,3.8,4.11
DZA,2007,4.07,3.82,4.13
DZA,2008,4.09,3.84,4.14
DZA,2009,4.11,3.85,4.16
DZA,2010,4.22,3.95,4.25
DZA,2011,4.14,3.89,4.19
DZA,2012,4.16,3.9,4.21
DZA,2013,4.18,3.92,4.22
DZA,2014,4.19,3.94,4.24
DZA,2015,4.22,3.95,4.26
DZA,2016,4.23,3.97,4.27
DZA,2017,4.24,3.99,4.29
DZA,2018,4.2,3.97,4.27
DZA,2019,4.28,4.02,4.32
DZA,2020,4.3,4.04,4.34
ECU,2000,3.2,3.07,3.16
ECU,2001,3.23,3.11,3.21
ECU,2002,3.25,3.12,3.22
ECU,2003,3.26,3.13,3.24
ECU,2004,3.27,3.13,3.25
ECU,2005,3.29,3.17,3.29
ECU,2006,3.29,3.15,3.27
ECU,2007,3.3,3.16,3.28
ECU,2008,3.31,3.17,3.29
ECU,2009,3.32,3.18,3.3
ECU,2010,3.37,3.21,3.36
ECU,2011,3.35,3.19,3.33
ECU,2012,3.36,3.2,3.34
ECU,2013,3.37,3.21,3.35
ECU,2014,3.38,3.22,3.36
ECU,2015,3.39,3.22,3.36
ECU,2016,3.4,3.23,3.38
ECU,2017,3.41,3.24,3.39
ECU,2018,3.4,3.23,3.38
ECU,2019,3.43,3.26,3.42
ECU,2020,3.45,3.27,3.43
EGY,2000,4.27,3.94,4.31
EGY,2001,4.29,3.99,4.3
EGY,2002,4.29,4.0,4.31
EGY,2003,4.3,4.0,4.32
EGY,2004,4.3,4.01,4.32
EGY,2005,4.28,4.04,4.25
EGY,2006,4.31,4.02,4.34
EGY,2007,4.32,4.03,4.35
EGY,2008,4.33,4.03,4.35
EGY,2009,4.33,4.04,4.36
EGY,2010,4.41,4.12,4.47
EGY,2011,4.34,4.05,4.38
EGY,2012,4.35,4.06,4.38
EGY,2013,4.35,4.06,4.39
EGY,2014,4.36,4.07,4.4
EGY,2015,4.36,4.06,4.39
EGY,2016,4.37,4.08,4.41
EGY,2017,4.37,4.09,4.42
EGY,2018,4.35,4.06,4.41
EGY,2019,4.39,4.1,4.44
EGY,2020,4.39,4.11,4.44
ERI,2000,1.85,1.74,1.85
ERI,2001,1.86,1.75,1.87
ERI,2002,1.86,1.75,1.87
ERI,2003,1.85,1.74,1.86
ERI,2004,1.85,1.74,1.86
ERI,2005,1.87,1.75,1.89
ERI,2006,1.84,1.73,1.85
ERI,2007,1.83,1.72,1.84
ERI,2008,1.83,1.72,1.84
ERI,2009,1.82,1.71,1.83
ERI,2010,1.82,1.72,1.82
ERI,2011,1.81,1.7,1.82
ERI,2012,1.81,1.7,1.82
ERI,2013,1.8,1.69,1.81
ERI,2014,1.8,1.69,1.81
ERI,2015,1.78,1.66,1.8
ERI,2016,1.79,1.68,1.8
ERI,2017,1.78,1.68,1.79
ERI,2018,1.78,1.68,1.78
ERI,2019,1.77,1.67,1.78
ERI,2020,1.77,1.66,1.78
ESP,2000,1.32,1.24,1.4
ESP,2001,1.32,1.23,1.39
ESP,2002,1.32,1.23,1.39
ESP,2003,1.31,1.23,1.39
ESP,2004,1.31,1.23,1.39
ESP,2005,1.31,1.22,1.38
ESP,2006,1.31,1.23,1.39
ESP,2007,1.31,1.23,1.39
ESP,2008,1.31,1.23,1.39
ESP,2009,1.31,1.23,1.39
ESP,2010,1.31,1.23,1.39
ESP,2011,1.31,1.23,1.39
ESP,2012,1.31,1.23,1.39
ESP,2013,1.31,1.23,1.39
ESP,2014,1.31,1.23,1.39
ESP,2015,1.31,1.23,1.39
ESP,2016,1.31,1.23,1.39
ESP,2017,1.31,1.23,1.39
ESP,2018,1.31,1.23,1.39
ESP,2019,1.31,1.23,1.39
ESP,2020,1.31,1.23,1.39
EST,2000,1.72,1.64,1.79
EST,2001,1.75,1.67,1.82
EST,2002,1.75,1.67,1.83
EST,2003,1.75,1.67,1.83
EST,2004,1.76,1.68,1.83
EST,2005,1.8,1.72,1.88
EST,2006,1.76,1.68,1.83
EST,2007,1.76,1.68,1.83
EST,2008,1.76,1.68,1.83
EST,2009,1.76,1.68,1.84
EST,2010,1.76,1.68,1.83
EST,2011,1.77,1.69,1.84
EST,2012,1.77,1.69,1.84
EST,2013,1.77,1.69,1.84
EST,2014,1.77,1.69,1.84
EST,2015,1.77,1.69,1.84
EST,2016,1.77,1.69,1.84
EST,2017,1.78,1.7,1.85
EST,2018,1.77,1.69,1.84
EST,2019,1.78,1.7,1.85
EST,2020,1.78,1.7,1.85
ETH,2000,2.41,2.35,2.46
ETH,2001,2.43,2.37,2.48
ETH,2002,2.43,2.37,2.48
ETH,2003,2.43,2.37,2.48
ETH,2004,2.43,2.37,2.48
ETH,2005,2.46,2.4,2.5
ETH,2006,2.43,2.37,2.48
ETH,2007,2.43,2.37,2.48
ETH,2008,2.43,2.37,2.48
ETH,2009,2.43,2.37,2.48
ETH,2010,2.44,2.38,2.49
ETH,2011,2.43,2.37,2.48
ETH,2012,2.43,2.37,2.48
ETH,2013,2.43,2.37,2.48
ETH,2014,2.44,2.38,2.48
ETH,2015,2.43,2.37,2.48
ETH,2016,2.44,2.38,2.49
ETH,2017,2.44,2.38,2.49
ETH,2018,2.43,2.37,2.48
ETH,2019,2.44,2.38,2.49
ETH,2020,2.44,2.38,2.49
FIN,2000,1.43,1.34,1.51
FIN,2001,1.43,1.34,1.51
FIN,2002,1.44,1.34,1.52
FIN,2003,1.44,1.34,1.52
FIN,2004,1.44,1.34,1.52
FIN,2005,1.44,1.34,1.52
FIN,2006,1.44,1.35,1.52
FIN,2007,1.44,1.35,1.53
FIN,2008,1.44,1.35,1.53
FIN,2009,1.44,1.35,1.53
FIN,2010,1.45,1.36,1.54
FIN,2011,1.45,1.35,1.53
FIN,2012,1.45,1.36,1.53
FIN,2013,1.45,1.36,1.54
FIN,2014,1.45,1.36,1.54
FIN,2015,1.45,1.36,1.54
FIN,2016,1.45,1.36,1.54
FIN,2017,1.45,1.36,1.54
FIN,2018,1.45,1.36,1.54
FIN,2019,1.45,1.36,1.55
FIN,2020,1.46,1.37,1.55
FJI,2000,1.23,1.18,1.21
FJI,2001,1.23,1.18,1.2
FJI,2002,1.23,1.18,1.21
FJI,2003,1.23,1.18,1.21
FJI,2004,1.23,1.18,1.21
FJI,2005,1.22,1.17,1.2
FJI,2006,1.23,1.18,1.21
FJI,2007,1.23,1.18,1.21
FJI,2008,1.23,1.18,1.21
FJI,2009,1.23,1.18,1.21
FJI,2010,1.24,1.18,1.21
FJI,2011,1.23,1.18,1.21
FJI,2012,1.23,1.18,1.21
FJI,2013,1.23,1.18,1.21
FJI,2014,1.23,1.18,1.21
FJI,2015,1.22,1.17,1.2
FJI,2016,1.23,1.18,1.21
FJI,2017,1.23,1.18,1.21
FJI,2018,1.23,1.18,1.22
FJI,2019,1.23,1.18,1.21
FJI,2020,1.23,1.18,1.21
FRA,2000,1.46,1.1,1.8
FRA,2001,1.46,1.1,1.8
FRA,2002,1.46,1.1,1.8
FRA,2003,1.46,1.1,1.8
FRA,2004,1.46,1.1,1.8
FRA,2005,1.45,1.09,1.8
FRA,2006,1.46,1.1,1.8
FRA,2007,1.46,1.1,1.8
FRA,2008,1.46,1.1,1.8
FRA,2009,1.46,1.1,1.81
FRA,2010,1.46,1.1,1.81
FRA,2011,1.46,1.1,1.81
FRA,2012,1.46,1.1,1.81
FRA,2013,1.46,1.1,1.81
FRA,2014,1.46,1.1,1.81
FRA,2015,1.46,1.1,1.81
FRA,2016,1.46,1.1,1.81
FRA,2017,1.46,1.1,1.81
FRA,2018,1.46,1.1,1.81
FRA,2019,1.46,1.1,1.81
FRA,2020,1.46,1.1,1.81
FSM,2000,1.29,1.24,1.28
FSM,2001,1.3,1.24,1.28
FSM,2002,1.3,1.25,1.28
FSM,2003,1.3,1.25,1.28
FSM,2004,1.3,1.25,1.29
FSM,2005,1.31,1.26,1.29
FSM,2006,1.31,1.25,1.29
FSM,2007,1.31,1.25,1.29
FSM,2008,1.31,1.25,1.29
FSM,2009,1.31,1.26,1.29
FSM,2010,1.31,1.24,1.29
FSM,2011,1.31,1.26,1.29
FSM,2012,1.32,1.26,1.29
FSM,2013,1.32,1.26,1.3
FSM,2014,1.32,1.26,1.3
FSM,2015,1.33,1.28,1.3
FSM,2016,1.32,1.26,1.3
FSM,2017,1.33,1.27,1.3
FSM,2018,1.32,1.26,1.3
FSM,2019,1.33,1.27,1.3
FSM,2020,1.33,1.27,1.3
GAB,2000,1.73,1.64,1.72
GAB,2001,1.72,1.62,1.72
GAB,2002,1.73,1.63,1.73
GAB,2003,1.75,1.64,1.74
GAB,2004,1.76,1.66,1.75
GAB,2005,1.77,1.66,1.77
GAB,2006,1.78,1.68,1.77
GAB,2007,1.79,1.69,1.78
GAB,2008,1.8,1.7,1.79
GAB,2009,1.81,1.71,1.8
GAB,2010,1.77,1.66,1.76
GAB,2011,1.84,1.73,1.82
GAB,2012,1.85,1.74,1.84
GAB,2013,1.86,1.75,1.85
GAB,2014,1.87,1.76,1.86
GAB,2015,1.91,1.79,1.91
GAB,2016,1.89,1.78,1.88
GAB,2017,1.9,1.79,1.89
GAB,2018,1.92,1.82,1.89
GAB,2019,1.93,1.81,1.91
GAB,2020,1.94,1.82,1.92
GBR,2000,1.26,1.22,1.3
GBR,2001,1.26,1.22,1.3
GBR,2002,1.26,1.22,1.3
GBR,2003,1.26,1.22,1.3
GBR,2004,1.26,1.22,1.3
GBR,2005,1.27,1.23,1.31
GBR,2006,1.26,1.22,1.3
GBR,2007,1.26,1.22,1.3
GBR,2008,1.26,1.22,1.3
GBR,2009,1.26,1.22,1.3
GBR,2010,1.26,1.22,1.3
GBR,2011,1.26,1.22,1.3
GBR,2012,1.26,1.22,1.3
GBR,2013,1.26,1.22,1.3
GBR,2014,1.26,1.22,1.3
GBR,2015,1.26,1.22,1.3
GBR,2016,1.26,1.22,1.3
GBR,2017,1.26,1.22,1.3
GBR,2018,1.26,1.22,1.3
GBR,2019,1.26,1.22,1.3
GBR,2020,1.26,1.22,1.3
GEO,2000,1.96,1.78,1.99
GEO,2001,1.98,1.81,2.01
GEO,2002,1.98,1.81,2.01
GEO,2003,1.98,1.81,2.02
GEO,2004,1.98,1.81,2.02
GEO,2005,2.01,1.84,2.05
GEO,2006,1.98,1.81,2.02
GEO,2007,1.98,1.81,2.02
GEO,2008,1.98,1.82,2.02
GEO,2009,1.98,1.82,2.02
GEO,2010,1.99,1.83,2.02
GEO,2011,1.98,1.82,2.02
GEO,2012,1.98,1.82,2.02
GEO,2013,1.98,1.82,2.03
GEO,2014,1.97,1.82,2.03
GEO,2015,1.97,1.83,2.03
GEO,2016,1.97,1.83,2.03
GEO,2017,1.97,1.83,2.03
GEO,2018,1.96,1.81,2.02
GEO,2019,1.97,1.83,2.03
GEO,2020,1.97,1.83,2.03
GHA,2000,2.21,2.22,2.19
GHA,2001,2.23,2.24,2.21
GHA,2002,2.23,2.24,2.21
GHA,2003,2.23,2.25,2.22
GHA,2004,2.24,2.25,2.22
GHA,2005,2.25,2.27,2.24
GHA,2006,2.25,2.26,2.23
GHA,2007,2.25,2.27,2.24
GHA,2008,2.26,2.27,2.24
GHA,2009,2.26,2.27,2.24
GHA,2010,2.28,2.29,2.26
GHA,2011,2.27,2.28,2.25
GHA,2012,2.27,2.29,2.26
GHA,2013,2.28,2.29,2.26
GHA,2014,2.28,2.29,2.26
GHA,2015,2.29,2.3,2.27
GHA,2016,2.29,2.3,2.27
GHA,2017,2.3,2.31,2.28
GHA,2018,2.29,2.3,2.27
GHA,2019,2.31,2.32,2.29
GHA,2020,2.31,2.32,2.29
GIN,2000,1.56,1.48,1.56
GIN,2001,1.57,1.48,1.56
GIN,2002,1.57,1.48,1.56
GIN,2003,1.57,1.48,1.56
GIN,2004,1.57,1.48,1.56
GIN,2005,1.58,1.48,1.56
GIN,2006,1.58,1.49,1.57
GIN,2007,1.58,1.49,1.57
GIN,2008,1.58,1.49,1.57
GIN,2009,1.58,1.49,1.57
GIN,2010,1.59,1.5,1.58
GIN,2011,1.58,1.49,1.57
GIN,2012,1.58,1.49,1.58
GIN,2013,1.58,1.49,1.58
GIN,2014,1.58,1.49,1.58
GIN,2015,1.59,1.5,1.58
GIN,2016,1.58,1.49,1.58
GIN,2017,1.58,1.49,1.58
GIN,2018,1.57,1.48,1.58
GIN,2019,1.59,1.49,1.58
GIN,2020,1.59,1.49,1.59
GMB,2000,1.57,1.47,1.57
GMB,2001,1.72,1.62,1.71
GMB,2002,1.72,1.61,1.71
GMB,2003,1.71,1.6,1.7
GMB,2004,1.7,1.6,1.69
GMB,2005,1.96,1.84,1.94
GMB,2006,1.69,1.58,1.68
GMB,2007,1.68,1.58,1.67
GMB,2008,1.68,1.57,1.66
GMB,2009,1.67,1.57,1.65
GMB,2010,1.61,1.51,1.59
GMB,2011,1.65,1.55,1.64
GMB,2012,1.65,1.55,1.63
GMB,2013,1.64,1.54,1.62
GMB,2014,1.63,1.53,1.62
GMB,2015,1.59,1.5,1.57
GMB,2016,1.62,1.52,1.6
GMB,2017,1.61,1.51,1.59
GMB,2018,1.59,1.49,1.58
GMB,2019,1.6,1.5,1.58
GMB,2020,1.59,1.5,1.57
GNB,2000,1.92,1.79,1.93
GNB,2001,1.95,1.83,1.97
GNB,2002,1.95,1.82,1.96
GNB,2003,1.94,1.82,1.95
GNB,2004,1.93,1.81,1.94
GNB,2005,1.95,1.83,1.96
GNB,2006,1.92,1.8,1.93
GNB,2007,1.91,1.8,1.92
GNB,2008,1.91,1.79,1.91
GNB,2009,1.9,1.79,1.9
GNB,2010,1.96,1.85,1.96
GNB,2011,1.89,1.78,1.89
GNB,2012,1.88,1.77,1.88
GNB,2013,1.87,1.77,1.87
GNB,2014,1.87,1.76,1.86
GNB,2015,1.82,1.72,1.83
GNB,2016,1.85,1.75,1.85
GNB,2017,1.85,1.75,1.84
GNB,2018,1.83,1.73,1.81
GNB,2019,1.83,1.74,1.82
GNB,2020,1.83,1.73,1.82
GNQ,2000,1.77,1.66,1.75
GNQ,2001,1.77,1.66,1.75
GNQ,2002,1.78,1.67,1.76
GNQ,2003,1.78,1.67,1.76
GNQ,2004,1.78,1.67,1.76
GNQ,2005,1.78,1.67,1.77
GNQ,2006,1.79,1.68,1.77
GNQ,2007,1.79,1.68,1.77
GNQ,2008,1.79,1.68,1.78
GNQ,2009,1.79,1.68,1.78
GNQ,2010,1.8,1.7,1.78
GNQ,2011,1.8,1.69,1.79
GNQ,2012,1.8,1.69,1.79
GNQ,2013,1.8,1.69,1.79
GNQ,2014,1.8,1.7,1.8
GNQ,2015,1.81,1.7,1.8
GNQ,2016,1.81,1.7,1.8
GNQ,2017,1.81,1.7,1.81
GNQ,2018,1.81,1.7,1.81
GNQ,2019,1.82,1.71,1.81
GNQ,2020,1.82,1.71,1.82
GRC,2000,0.83,0.77,0.88
GRC,2001,0.83,0.77,0.88
GRC,2002,0.83,0.77,0.88
GRC,2003,0.83,0.77,0.88
GRC,2004,0.83,0.77,0.88
GRC,2005,0.82,0.76,0.88
GRC,2006,0.83,0.77,0.88
GRC,2007,0.83,0.77,0.88
GRC,2008,0.83,0.77,0.88
GRC,2009,0.83,0.77,0.88
GRC,2010,0.84,0.77,0.89
GRC,2011,0.83,0.77,0.88
GRC,2012,0.83,0.77,0.88
GRC,2013,0.83,0.77,0.88
GRC,2014,0.83,0.77,0.88
GRC,2015,0.83,0.77,0.88
GRC,2016,0.83,0.76,0.88
GRC,2017,0.83,0.76,0.88
GRC,2018,0.83,0.76,0.88
GRC,2019,0.83,0.76,0.88
GRC,2020,0.83,0.76,0.88
GRD,2000,2.79,2.65,2.79
GRD,2001,2.86,2.73,2.84
GRD,2002,2.87,2.74,2.85
GRD,2003,2.88,2.74,2.86
GRD,2004,2.89,2.75,2.87
GRD,2005,2.95,2.83,2.92
GRD,2006,2.9,2.76,2.88
GRD,2007,2.91,2.77,2.89
GRD,2008,2.92,2.77,2.9
GRD,2009,2.93,2.78,2.91
GRD,2010,2.98,2.83,2.94
GRD,2011,2.95,2.79,2.93
GRD,2012,2.96,2.8,2.93
GRD,2013,2.97,2.8,2.94
GRD,2014,2.98,2.81,2.95
GRD,2015,3.0,2.83,2.97
GRD,2016,2.99,2.82,2.97
GRD,2017,3.0,2.83,2.98
GRD,2018,2.96,2.78,2.95
GRD,2019,3.02,2.84,2.99
GRD,2020,3.03,2.85,3.0
GTM,2000,3.38,3.66,3.11
GTM,2001,3.45,3.73,3.17
GTM,2002,3.46,3.74,3.18
GTM,2003,3.47,3.75,3.19
GTM,2004,3.48,3.76,3.2
GTM,2005,3.55,3.83,3.26
GTM,2006,3.5,3.78,3.21
GTM,2007,3.5,3.79,3.22
GTM,2008,3.51,3.8,3.23
GTM,2009,3.52,3.81,3.24
GTM,2010,3.57,3.85,3.28
GTM,2011,3.54,3.83,3.25
GTM,2012,3.55,3.84,3.26
GTM,2013,3.56,3.84,3.27
GTM,2014,3.57,3.85,3.28
GTM,2015,3.57,3.86,3.28
GTM,2016,3.59,3.87,3.29
GTM,2017,3.59,3.88,3.3
GTM,2018,3.57,3.86,3.28
GTM,2019,3.61,3.9,3.32
GTM,2020,3.62,3.91,3.33
GUY,2000,3.05,2.89,3.02
GUY,2001,3.05,2.89,3.0
GUY,2002,3.05,2.9,3.01
GUY,2003,3.05,2.9,3.01
GUY,2004,3.06,2.91,3.02
GUY,2005,3.03,2.9,2.97
GUY,2006,3.07,2.92,3.03
GUY,2007,3.07,2.92,3.03
GUY,2008,3.07,2.93,3.04
GUY,2009,3.08,2.93,3.04
GUY,2010,3.11,2.95,3.09
GUY,2011,3.08,2.94,3.06
GUY,2012,3.09,2.95,3.06
GUY,2013,3.09,2.95,3.07
GUY,2014,3.09,2.95,3.07
GUY,2015,3.12,2.97,3.08
GUY,2016,3.1,2.96,3.08
GUY,2017,3.1,2.97,3.09
GUY,2018,3.08,2.96,3.08
GUY,2019,3.11,2.98,3.1
GUY,2020,3.11,2.98,3.1
HND,2000,3.06,2.92,3.04
HND,2001,3.09,2.92,3.07
HND,2002,3.1,2.93,3.08
HND,2003,3.1,2.93,3.08
HND,2004,3.1,2.93,3.08
HND,2005,3.13,2.96,3.12
HND,2006,3.11,2.94,3.09
HND,2007,3.11,2.95,3.09
HND,2008,3.12,2.95,3.1
HND,2009,3.12,2.96,3.1
HND,2010,3.15,2.91,3.12
HND,2011,3.13,2.96,3.11
HND,2012,3.13,2.97,3.11
HND,2013,3.13,2.97,3.11
HND,2014,3.14,2.98,3.12
HND,2015,3.14,3.01,3.11
HND,2016,3.14,2.98,3.12
HND,2017,3.15,2.99,3.13
HND,2018,3.13,2.99,3.12
HND,2019,3.15,3.0,3.13
HND,2020,3.16,3.0,3.14
HRV,2000,2.08,1.92,2.12
HRV,2001,2.11,1.94,2.15
HRV,2002,2.11,1.94,2.15
HRV,2003,2.12,1.95,2.16
HRV,2004,2.13,1.96,2.17
HRV,2005,2.14,1.96,2.19
HRV,2006,2.14,1.97,2.18
HRV,2007,2.15,1.97,2.19
HRV,2008,2.15,1.98,2.2
HRV,2009,2.16,1.98,2.2
HRV,2010,2.2,2.02,2.23
HRV,2011,2.17,1.99,2.22
HRV,2012,2.18,2.0,2.23
HRV,2013,2.19,2.0,2.23
HRV,2014,2.19,2.01,2.24
HRV,2015,2.2,2.02,2.25
HRV,2016,2.21,2.02,2.25
HRV,2017,2.21,2.03,2.26
HRV,2018,2.2,2.01,2.25
HRV,2019,2.23,2.04,2.27
HRV,2020,2.23,2.04,2.28
HTI,2000,3.21,3.05,3.2
HTI,2001,2.96,2.82,2.95
HTI,2002,2.93,2.79,2.93
HTI,2003,2.91,2.77,2.9
HTI,2004,2.88,2.75,2.88
HTI,2005,2.6,2.49,2.59
HTI,2006,2.84,2.7,2.83
HTI,2007,2.81,2.68,2.8
HTI,2008,2.79,2.65,2.78
HTI,2009,2.76,2.63,2.75
HTI,2010,2.64,2.51,2.64
HTI,2011,2.72,2.59,2.7
HTI,2012,2.69,2.56,2.68
HTI,2013,2.67,2.54,2.65
HTI,2014,2.64,2.52,2.63
HTI,2015,2.64,2.51,2.62
HTI,2016,2.6,2.47,2.58
HTI,2017,2.57,2.45,2.55
HTI,2018,2.66,2.53,2.63
HTI,2019,2.52,2.4,2.5
HTI,2020,2.5,2.38,2.48
HUN,2000,2.69,2.49,2.89
HUN,2001,2.69,2.49,2.89
HUN,2002,2.69,2.49,2.89
HUN,2003,2.69,2.49,2.88
HUN,2004,2.69,2.49,2.88
HUN,2005,2.7,2.49,2.89
HUN,2006,2.69,2.48,2.88
HUN,2007,2.69,2.48,2.88
HUN,2008,2.69,2.48,2.88
HUN,2009,2.68,2.48,2.88
HUN,2010,2.67,2.47,2.86
HUN,2011,2.68,2.48,2.87
HUN,2012,2.68,2.47,2.87
HUN,2013,2.68,2.47,2.87
HUN,2014,2.68,2.47,2.87
HUN,2015,2.68,2.47,2.87
HUN,2016,2.68,2.47,2.87
HUN,2017,2.68,2.47,2.87
HUN,2018,2.68,2.47,2.87
HUN,2019,2.68,2.47,2.86
HUN,2020,2.67,2.46,2.86
IDN,2000,0.45,0.45,0.44
IDN,2001,0.45,0.45,0.44
IDN,2002,0.45,0.45,0.44
IDN,2003,0.45,0.45,0.44
IDN,2004,0.45,0.46,0.44
IDN,2005,0.45,0.46,0.44
IDN,2006,0.45,0.46,0.44
IDN,2007,0.45,0.46,0.44
IDN,2008,0.45,0.46,0.44
IDN,2009,0.46,0.46,0.45
IDN,2010,0.46,0.46,0.45
IDN,2011,0.46,0.46,0.45
IDN,2012,0.46,0.46,0.45
IDN,2013,0.46,0.47,0.45
IDN,2014,0.46,0.47,0.45
IDN,2015,0.46,0.47,0.45
IDN,2016,0.46,0.47,0.45
IDN,2017,0.46,0.47,0.45
IDN,2018,0.46,0.47,0.45
IDN,2019,0.46,0.47,0.45
IDN,2020,0.46,0.47,0.45
IND,2000,2.56,2.64,2.49
IND,2001,2.56,2.64,2.48
IND,2002,2.56,2.64,2.49
IND,2003,2.57,2.64,2.49
IND,2004,2.57,2.65,2.5
IND,2005,2.55,2.62,2.47
IND,2006,2.58,2.66,2.51
IND,2007,2.58,2.66,2.51
IND,2008,2.59,2.67,2.51
IND,2009,2.59,2.67,2.52
IND,2010,2.62,2.71,2.55
IND,2011,2.6,2.68,2.53
IND,2012,2.6,2.68,2.53
IND,2013,2.61,2.69,2.54
IND,2014,2.61,2.69,2.54
IND,2015,2.62,2.7,2.55
IND,2016,2.62,2.7,2.55
IND,2017,2.63,2.71,2.55
IND,2018,2.62,2.7,2.55
IND,2019,2.63,2.72,2.56
IND,2020,2.64,2.72,2.57
IRL,2000,1.27,1.23,1.3
IRL,2001,1.24,1.2,1.27
IRL,2002,1.23,1.2,1.27
IRL,2003,1.23,1.19,1.26
IRL,2004,1.23,1.19,1.26
IRL,2005,1.19,1.16,1.23
IRL,2006,1.22,1.19,1.26
IRL,2007,1.22,1.18,1.25
IRL,2008,1.22,1.18,1.25
IRL,2009,1.21,1.18,1.25
IRL,2010,1.2,1.16,1.23
IRL,2011,1.21,1.17,1.24
IRL,2012,1.2,1.17,1.24
IRL,2013,1.2,1.17,1.23
IRL,2014,1.2,1.17,1.23
IRL,2015,1.2,1.17,1.23
IRL,2016,1.19,1.16,1.22
IRL,2017,1.19,1.16,1.22
IRL,2018,1.2,1.17,1.23
IRL,2019,1.18,1.15,1.21
IRL,2020,1.18,1.15,1.21
IRN,2000,3.59,3.66,3.52
IRN,2001,3.59,3.66,3.52
IRN,2002,3.6,3.67,3.53
IRN,2003,3.6,3.67,3.53
IRN,2004,3.61,3.68,3.54
IRN,2005,3.59,3.66,3.52
IRN,2006,3.62,3.69,3.55
IRN,2007,3.62,3.69,3.55
IRN,2008,3.63,3.7,3.56
IRN,2009,3.63,3.7,3.56
IRN,2010,3.66,3.74,3.59
IRN,2011,3.64,3.72,3.57
IRN,2012,3.65,3.72,3.58
IRN,2013,3.65,3.73,3.58
IRN,2014,3.66,3.73,3.59
IRN,2015,3.67,3.74,3.6
IRN,2016,3.67,3.74,3.6
IRN,2017,3.68,3.75,3.61
IRN,2018,3.67,3.74,3.6
IRN,2019,3.69,3.76,3.62
IRN,2020,3.69,3.76,3.62
IRQ,2000,3.59,3.35,3.65
IRQ,2001,3.58,3.34,3.62
IRQ,2002,3.59,3.35,3.63
IRQ,2003,3.6,3.36,3.63
IRQ,2004,3.61,3.37,3.64
IRQ,2005,3.54,3.3,3.57
IRQ,2006,3.62,3.39,3.65
IRQ,2007,3.63,3.4,3.66
IRQ,2008,3.64,3.41,3.67
IRQ,2009,3.65,3.42,3.67
IRQ,2010,3.73,3.49,3.72
IRQ,2011,3.67,3.44,3.69
IRQ,2012,3.67,3.45,3.69
IRQ,2013,3.68,3.46,3.7
IRQ,2014,3.69,3.47,3.71
IRQ,2015,3.71,3.5,3.71
IRQ,2016,3.71,3.49,3.72
IRQ,2017,3.72,3.5,3.73
IRQ,2018,3.7,3.48,3.74
IRQ,2019,3.74,3.52,3.74
IRQ,2020,3.74,3.53,3.75
ISL,2000,1.25,1.22,1.28
ISL,2001,1.25,1.22,1.28
ISL,2002,1.25,1.22,1.28
ISL,2003,1.25,1.22,1.28
ISL,2004,1.25,1.22,1.28
ISL,2005,1.25,1.22,1.28
ISL,2006,1.25,1.22,1.28
ISL,2007,1.25,1.22,1.28
ISL,2008,1.25,1.22,1.28
ISL,2009,1.26,1.23,1.29
ISL,2010,1.26,1.23,1.29
ISL,2011,1.26,1.23,1.29
ISL,2012,1.26,1.23,1.29
ISL,2013,1.26,1.23,1.29
ISL,2014,1.26,1.23,1.29
ISL,2015,1.26,1.23,1.29
ISL,2016,1.26,1.23,1.29
ISL,2017,1.26,1.23,1.29
ISL,2018,1.26,1.23,1.29
ISL,2019,1.26,1.23,1.29
ISL,2020,1.26,1.23,1.29
ISR,2000,4.07,3.93,4.19
ISR,2001,4.07,3.93,4.19
ISR,2002,4.07,3.93,4.19
ISR,2003,4.07,3.92,4.19
ISR,2004,4.06,3.92,4.18
ISR,2005,4.08,3.93,4.2
ISR,2006,4.06,3.92,4.18
ISR,2007,4.06,3.92,4.18
ISR,2008,4.06,3.91,4.18
ISR,2009,4.06,3.91,4.18
ISR,2010,4.03,3.89,4.15
ISR,2011,4.05,3.91,4.17
ISR,2012,4.05,3.91,4.17
ISR,2013,4.05,3.9,4.17
ISR,2014,4.05,3.9,4.17
ISR,2015,4.05,3.9,4.16
ISR,2016,4.05,3.9,4.16
ISR,2017,4.04,3.9,4.16
ISR,2018,4.05,3.9,4.17
ISR,2019,4.04,3.89,4.16
ISR,2020,4.04,3.89,4.15
ITA,2000,1.21,1.09,1.33
ITA,2001,1.21,1.09,1.33
ITA,2002,1.21,1.09,1.33
ITA,2003,1.21,1.08,1.33
ITA,2004,1.21,1.08,1.33
ITA,2005,1.21,1.08,1.33
ITA,2006,1.21,1.08,1.33
ITA,2007,1.21,1.08,1.33
ITA,2008,1.21,1.08,1.33
ITA,2009,1.21,1.08,1.33
ITA,2010,1.2,1.08,1.32
ITA,2011,1.21,1.08,1.33
ITA,2012,1.21,1.08,1.33
ITA,2013,1.21,1.08,1.33
ITA,2014,1.21,1.08,1.33
ITA,2015,1.21,1.08,1.33
ITA,2016,1.21,1.08,1.33
ITA,2017,1.21,1.08,1.33
ITA,2018,1.21,1.08,1.33
ITA,2019,1.21,1.08,1.33
ITA,2020,1.21,1.08,1.33
JAM,2000,3.18,3.12,3.23
JAM,2001,3.2,3.14,3.25
JAM,2002,3.2,3.14,3.25
JAM,2003,3.2,3.14,3.25
JAM,2004,3.21,3.15,3.26
JAM,2005,3.22,3.16,3.27
JAM,2006,3.22,3.15,3.27
JAM,2007,3.22,3.16,3.27
JAM,2008,3.23,3.16,3.28
JAM,2009,3.23,3.17,3.28
JAM,2010,3.25,3.18,3.3
JAM,2011,3.24,3.17,3.29
JAM,2012,3.24,3.18,3.29
JAM,2013,3.25,3.18,3.3
JAM,2014,3.25,3.18,3.3
JAM,2015,3.26,3.19,3.31
JAM,2016,3.26,3.19,3.31
JAM,2017,3.27,3.2,3.32
JAM,2018,3.26,3.19,3.31
JAM,2019,3.28,3.2,3.33
JAM,2020,3.28,3.21,3.33
JOR,2000,5.6,5.59,5.6
JOR,2001,5.66,5.65,5.66
JOR,2002,5.68,5.66,5.67
JOR,2003,5.69,5.67,5.69
JOR,2004,5.7,5.68,5.7
JOR,2005,5.66,5.65,5.67
JOR,2006,5.72,5.7,5.72
JOR,2007,5.73,5.71,5.73
JOR,2008,5.74,5.72,5.74
JOR,2009,5.75,5.73,5.75
JOR,2010,5.97,5.93,5.95
JOR,2011,5.77,5.75,5.77
JOR,2012,5.78,5.75,5.78
JOR,2013,5.79,5.76,5.79
JOR,2014,5.8,5.77,5.8
JOR,2015,5.78,5.75,5.78
JOR,2016,5.82,5.79,5.82
JOR,2017,5.83,5.8,5.83
JOR,2018,5.77,5.74,5.77
JOR,2019,5.86,5.82,5.85
JOR,2020,5.87,5.83,5.86
JPN,2000,1.73,1.78,1.69
JPN,2001,1.72,1.77,1.68
JPN,2002,1.72,1.77,1.68
JPN,2003,1.72,1.77,1.68
JPN,2004,1.72,1.76,1.67
JPN,2005,1.71,1.76,1.67
JPN,2006,1.71,1.76,1.67
JPN,2007,1.71,1.76,1.67
JPN,2008,1.71,1.76,1.67
JPN,2009,1.71,1.75,1.66
JPN,2010,1.7,1.74,1.65
JPN,2011,1.71,1.75,1.66
JPN,2012,1.7,1.75,1.66
JPN,2013,1.7,1.74,1.65
JPN,2014,1.7,1.74,1.65
JPN,2015,1.7,1.74,1.65
JPN,2016,1.7,1.74,1.65
JPN,2017,1.7,1.74,1.65
JPN,2018,1.7,1.74,1.65
JPN,2019,1.69,1.73,1.64
JPN,2020,1.69,1.73,1.64
KAZ,2000,2.03,1.88,2.07
KAZ,2001,2.08,1.92,2.12
KAZ,2002,2.08,1.92,2.13
KAZ,2003,2.09,1.93,2.13
KAZ,2004,2.09,1.93,2.14
KAZ,2005,2.13,1.97,2.17
KAZ,2006,2.11,1.94,2.15
KAZ,2007,2.11,1.95,2.16
KAZ,2008,2.12,1.95,2.17
KAZ,2009,2.12,1.96,2.18
KAZ,2010,2.17,1.99,2.24
KAZ,2011,2.14,1.97,2.19
KAZ,2012,2.14,1.97,2.2
KAZ,2013,2.15,1.98,2.2
KAZ,2014,2.15,1.98,2.21
KAZ,2015,2.16,1.99,2.21
KAZ,2016,2.17,1.99,2.23
KAZ,2017,2.17,2.0,2.23
KAZ,2018,2.15,1.98,2.21
KAZ,2019,2.19,2.01,2.25
KAZ,2020,2.19,2.01,2.26
KEN,2000,0.81,0.76,0.86
KEN,2001,0.82,0.77,0.87
KEN,2002,0.82,0.77,0.87
KEN,2003,0.82,0.77,0.87
KEN,2004,0.82,0.77,0.87
KEN,2005,0.84,0.79,0.89
KEN,2006,0.83,0.78,0.88
KEN,2007,0.83,0.78,0.88
KEN,2008,0.83,0.78,0.88
KEN,2009,0.83,0.78,0.88
KEN,2010,0.83,0.78,0.88
KEN,2011,0.83,0.78,0.88
KEN,2012,0.83,0.78,0.88
KEN,2013,0.83,0.78,0.88
KEN,2014,0.83,0.78,0.88
KEN,2015,0.83,0.78,0.88
KEN,2016,0.83,0.78,0.88
KEN,2017,0.83,0.78,0.88
KEN,2018,0.83,0.78,0.88
KEN,2019,0.83,0.78,0.88
KEN,2020,0.84,0.79,0.89
KGZ,2000,2.07,1.9,2.13
KGZ,2001,2.08,1.9,2.14
KGZ,2002,2.08,1.9,2.14
KGZ,2003,2.08,1.9,2.14
KGZ,2004,2.08,1.91,2.14
KGZ,2005,2.1,1.91,2.15
KGZ,2006,2.08,1.91,2.14
KGZ,2007,2.08,1.91,2.14
KGZ,2008,2.09,1.91,2.14
KGZ,2009,2.09,1.91,2.14
KGZ,2010,2.08,1.91,2.13
KGZ,2011,2.09,1.91,2.14
KGZ,2012,2.09,1.91,2.14
KGZ,2013,2.09,1.92,2.14
KGZ,2014,2.09,1.92,2.14
KGZ,2015,2.1,1.92,2.13
KGZ,2016,2.09,1.92,2.14
KGZ,2017,2.09,1.92,2.14
KGZ,2018,2.08,1.92,2.14
KGZ,2019,2.09,1.92,2.14
KGZ,2020,2.09,1.92,2.14
KHM,2000,1.32,1.26,1.3
KHM,2001,1.31,1.26,1.3
KHM,2002,1.32,1.26,1.3
KHM,2003,1.32,1.26,1.3
KHM,2004,1.32,1.27,1.3
KHM,2005,1.31,1.26,1.3
KHM,2006,1.32,1.27,1.3
KHM,2007,1.32,1.27,1.3
KHM,2008,1.33,1.27,1.3
KHM,2009,1.33,1.27,1.3
KHM,2010,1.33,1.28,1.29
KHM,2011,1.33,1.28,1.31
KHM,2012,1.33,1.28,1.31
KHM,2013,1.33,1.28,1.31
KHM,2014,1.33,1.28,1.31
KHM,2015,1.34,1.29,1.32
KHM,2016,1.34,1.28,1.31
KHM,2017,1.34,1.29,1.31
KHM,2018,1.34,1.28,1.31
KHM,2019,1.34,1.29,1.31
KHM,2020,1.34,1.29,1.31
KIR,2000,1.3,1.24,1.28
KIR,2001,1.31,1.25,1.28
KIR,2002,1.31,1.26,1.29
KIR,2003,1.31,1.26,1.29
KIR,2004,1.31,1.26,1.29
KIR,2005,1.33,1.28,1.3
KIR,2006,1.32,1.26,1.29
KIR,2007,1.32,1.27,1.29
KIR,2008,1.32,1.27,1.29
KIR,2009,1.32,1.27,1.29
KIR,2010,1.32,1.27,1.28
KIR,2011,1.32,1.27,1.3
KIR,2012,1.33,1.27,1.3
KIR,2013,1.33,1.28,1.3
KIR,2014,1.33,1.28,1.3
KIR,2015,1.33,1.28,1.31
KIR,2016,1.33,1.28,1.3
KIR,2017,1.33,1.28,1.3
KIR,2018,1.33,1.28,1.3
KIR,2019,1.33,1.29,1.3
KIR,2020,1.34,1.29,1.31
KOR,2000,1.9,1.9,1.91
KOR,2001,1.9,1.9,1.91
KOR,2002,1.91,1.91,1.91
KOR,2003,1.91,1.91,1.91
KOR,2004,1.91,1.91,1.91
KOR,2005,1.91,1.91,1.91
KOR,2006,1.92,1.92,1.92
KOR,2007,1.92,1.92,1.92
KOR,2008,1.92,1.92,1.92
KOR,2009,1.92,1.92,1.92
KOR,2010,1.93,1.93,1.93
KOR,2011,1.93,1.93,1.93
KOR,2012,1.93,1.93,1.93
KOR,2013,1.93,1.93,1.93
KOR,2014,1.93,1.93,1.93
KOR,2015,1.94,1.94,1.94
KOR,2016,1.94,1.94,1.94
KOR,2017,1.94,1.94,1.94
KOR,2018,1.94,1.94,1.94
KOR,2019,1.95,1.95,1.94
KOR,2020,1.95,1.95,1.95
KWT,2000,3.89,3.79,3.99
KWT,2001,2.28,2.23,2.34
KWT,2002,2.11,2.05,2.16
KWT,2003,1.93,1.88,1.98
KWT,2004,1.76,1.71,1.8
KWT,2005,0.0,0.0,0.0
KWT,2006,1.41,1.37,1.44
KWT,2007,1.23,1.2,1.27
KWT,2008,1.06,1.03,1.09
KWT,2009,0.88,0.86,0.91
KWT,2010,0.0,0.0,0.0
KWT,2011,0.53,0.52,0.55
KWT,2012,0.36,0.35,0.37
KWT,2013,0.18,0.18,0.19
KWT,2014,0.01,0.01,0.01
KWT,2015,0.0,0.0,0.0
KWT,2016,-0.34,-0.33,-0.35
KWT,2017,-0.52,-0.5,-0.53
KWT,2018,0.0,0.0,0.0
KWT,2019,-0.87,-0.85,-0.89
KWT,2020,-1.04,-1.02,-1.07
LAO,2000,3.03,3.17,2.89
LAO,2001,3.07,3.21,2.92
LAO,2002,3.06,3.2,2.92
LAO,2003,3.05,3.19,2.91
LAO,2004,3.04,3.18,2.9
LAO,2005,3.05,3.19,2.91
LAO,2006,3.02,3.16,2.88
LAO,2007,3.02,3.15,2.88
LAO,2008,3.01,3.15,2.87
LAO,2009,3.0,3.14,2.86
LAO,2010,3.07,3.21,2.93
LAO,2011,2.98,3.12,2.84
LAO,2012,2.97,3.11,2.84
LAO,2013,2.97,3.1,2.83
LAO,2014,2.96,3.09,2.82
LAO,2015,2.92,3.06,2.78
LAO,2016,2.94,3.08,2.81
LAO,2017,2.93,3.07,2.8
LAO,2018,2.9,3.03,2.77
LAO,2019,2.92,3.05,2.78
LAO,2020,2.91,3.04,2.77
LBN,2000,5.39,3.98,6.73
LBN,2001,5.23,3.88,6.55
LBN,2002,5.2,3.85,6.5
LBN,2003,5.17,3.83,6.46
LBN,2004,5.14,3.81,6.42
LBN,2005,5.03,3.74,6.31
LBN,2006,5.07,3.76,6.34
LBN,2007,5.04,3.73,6.3
LBN,2008,5.01,3.71,6.26
LBN,2009,4.98,3.69,6.22
LBN,2010,4.78,3.55,5.97
LBN,2011,4.92,3.64,6.14
LBN,2012,4.88,3.62,6.1
LBN,2013,4.85,3.59,6.05
LBN,2014,4.82,3.57,6.01
LBN,2015,4.81,3.55,5.98
LBN,2016,4.76,3.52,5.93
LBN,2017,4.73,3.5,5.89
LBN,2018,4.79,3.55,5.98
LBN,2019,4.66,3.45,5.81
LBN,2020,4.63,3.43,5.77
LBR,2000,1.93,1.83,1.94
LBR,2001,1.94,1.84,1.95
LBR,2002,1.94,1.84,1.95
LBR,2003,1.94,1.84,1.95
LBR,2004,1.94,1.84,1.95
LBR,2005,1.95,1.84,1.96
LBR,2006,1.94,1.84,1.95
LBR,2007,1.94,1.84,1.95
LBR,2008,1.94,1.84,1.95
LBR,2009,1.94,1.84,1.95
LBR,2010,1.94,1.84,1.97
LBR,2011,1.95,1.84,1.95
LBR,2012,1.95,1.84,1.95
LBR,2013,1.95,1.84,1.95
LBR,2014,1.95,1.84,1.95
LBR,2015,1.95,1.85,1.93
LBR,2016,1.95,1.84,1.95
LBR,2017,1.95,1.84,1.95
LBR,2018,1.95,1.83,1.96
LBR,2019,1.95,1.84,1.95
LBR,2020,1.95,1.84,1.95
LBY,2000,4.23,3.87,4.33
LBY,2001,4.25,3.92,4.33
LBY,2002,4.24,3.92,4.32
LBY,2003,4.24,3.92,4.31
LBY,2004,4.24,3.92,4.31
LBY,2005,4.27,4.02,4.34
LBY,2006,4.23,3.92,4.29
LBY,2007,4.23,3.92,4.29
LBY,2008,4.22,3.92,4.28
LBY,2009,4.22,3.92,4.27
LBY,2010,4.2,3.87,4.23
LBY,2011,4.21,3.92,4.26
LBY,2012,4.21,3.92,4.25
LBY,2013,4.2,3.92,4.24
LBY,2014,4.2,3.92,4.24
LBY,2015,4.2,3.93,4.18
LBY,2016,4.19,3.91,4.22
LBY,2017,4.19,3.91,4.22
LBY,2018,4.18,3.9,4.26
LBY,2019,4.18,3.91,4.2
LBY,2020,4.18,3.91,4.2
LCA,2000,3.29,3.22,3.32
LCA,2001,3.32,3.25,3.35
LCA,2002,3.32,3.25,3.35
LCA,2003,3.32,3.25,3.35
LCA,2004,3.32,3.25,3.35
LCA,2005,3.36,3.3,3.4
LCA,2006,3.32,3.25,3.35
LCA,2007,3.32,3.25,3.35
LCA,2008,3.32,3.25,3.35
LCA,2009,3.32,3.25,3.35
LCA,2010,3.31,3.25,3.35
LCA,2011,3.32,3.25,3.35
LCA,2012,3.32,3.25,3.35
LCA,2013,3.32,3.25,3.35
LCA,2014,3.32,3.26,3.36
LCA,2015,3.31,3.25,3.35
LCA,2016,3.31,3.26,3.36
LCA,2017,3.31,3.26,3.36
LCA,2018,3.31,3.25,3.35
LCA,2019,3.31,3.26,3.36
LCA,2020,3.31,3.26,3.36
LKA,2000,2.46,2.32,2.44
LKA,2001,2.46,2.33,2.43
LKA,2002,2.46,2.34,2.43
LKA,2003,2.46,2.34,2.43
LKA,2004,2.46,2.34,2.44
LKA,2005,2.44,2.34,2.43
LKA,2006,2.47,2.35,2.45
LKA,2007,2.47,2.36,2.45
LKA,2008,2.47,2.36,2.46
LKA,2009,2.48,2.37,2.46
LKA,2010,2.5,2.4,2.44
LKA,2011,2.48,2.37,2.47
LKA,2012,2.48,2.38,2.47
LKA,2013,2.49,2.38,2.48
LKA,2014,2.49,2.39,2.48
LKA,2015,2.51,2.4,2.5
LKA,2016,2.49,2.39,2.49
LKA,2017,2.5,2.4,2.49
LKA,2018,2.48,2.38,2.5
LKA,2019,2.5,2.41,2.5
LKA,2020,2.5,2.41,2.5
LSO,2000,1.94,1.81,1.94
LSO,2001,1.94,1.82,1.94
LSO,2002,1.95,1.82,1.94
LSO,2003,1.95,1.83,1.94
LSO,2004,1.95,1.83,1.94
LSO,2005,1.95,1.85,1.93
LSO,2006,1.95,1.84,1.94
LSO,2007,1.95,1.84,1.94
LSO,2008,1.95,1.84,1.94
LSO,2009,1.96,1.85,1.94
LSO,2010,1.96,1.84,1.96
LSO,2011,1.96,1.85,1.94
LSO,2012,1.96,1.86,1.95
LSO,2013,1.96,1.86,1.95
LSO,2014,1.96,1.86,1.95
LSO,2015,1.97,1.87,1.94
LSO,2016,1.96,1.87,1.95
LSO,2017,1.97,1.87,1.95
LSO,2018,1.96,1.87,1.95
LSO,2019,1.97,1.88,1.95
LSO,2020,1.97,1.88,1.95
LTU,2000,2.09,1.98,2.2
LTU,2001,2.13,2.02,2.24
LTU,2002,2.14,2.03,2.25
LTU,2003,2.15,2.03,2.26
LTU,2004,2.16,2.04,2.27
LTU,2005,2.2,2.08,2.31
LTU,2006,2.17,2.05,2.28
LTU,2007,2.18,2.06,2.29
LTU,2008,2.19,2.07,2.3
LTU,2009,2.2,2.08,2.31
LTU,2010,2.23,2.1,2.33
LTU,2011,2.22,2.09,2.32
LTU,2012,2.22,2.1,2.33
LTU,2013,2.23,2.1,2.34
LTU,2014,2.24,2.11,2.35
LTU,2015,2.25,2.12,2.36
LTU,2016,2.26,2.13,2.36
LTU,2017,2.27,2.13,2.37
LTU,2018,2.25,2.12,2.36
LTU,2019,2.28,2.15,2.39
LTU,2020,2.29,2.15,2.4
LUX,2000,1.39,1.27,1.41
LUX,2001,1.39,1.28,1.41
LUX,2002,1.39,1.28,1.41
LUX,2003,1.39,1.28,1.4
LUX,2004,1.39,1.28,1.4
LUX,2005,1.4,1.29,1.41
LUX,2006,1.38,1.27,1.4
LUX,2007,1.38,1.27,1.4
LUX,2008,1.38,1.27,1.4
LUX,2009,1.38,1.27,1.4
LUX,2010,1.36,1.26,1.38
LUX,2011,1.38,1.27,1.4
LUX,2012,1.37,1.27,1.4
LUX,2013,1.37,1.27,1.39
LUX,2014,1.37,1.27,1.39
LUX,2015,1.37,1.28,1.39
LUX,2016,1.37,1.27,1.39
LUX,2017,1.37,1.27,1.39
LUX,2018,1.37,1.27,1.4
LUX,2019,1.36,1.27,1.39
LUX,2020,1.36,1.27,1.39
LVA,2000,2.14,1.98,2.18
LVA,2001,2.19,2.02,2.23
LVA,2002,2.19,2.02,2.24
LVA,2003,2.2,2.03,2.24
LVA,2004,2.2,2.03,2.25
LVA,2005,2.28,2.08,2.33
LVA,2006,2.21,2.04,2.26
LVA,2007,2.22,2.05,2.26
LVA,2008,2.23,2.05,2.27
LVA,2009,2.23,2.06,2.27
LVA,2010,2.22,2.06,2.27
LVA,2011,2.24,2.07,2.28
LVA,2012,2.25,2.07,2.29
LVA,2013,2.25,2.08,2.29
LVA,2014,2.26,2.08,2.29
LVA,2015,2.26,2.1,2.28
LVA,2016,2.27,2.09,2.3
LVA,2017,2.27,2.1,2.31
LVA,2018,2.27,2.08,2.31
LVA,2019,2.28,2.11,2.32
LVA,2020,2.29,2.11,2.32
MAR,2000,3.42,3.23,3.58
MAR,2001,3.43,3.24,3.6
MAR,2002,3.44,3.25,3.6
MAR,2003,3.45,3.26,3.61
MAR,2004,3.45,3.26,3.62
MAR,2005,3.46,3.27,3.63
MAR,2006,3.47,3.27,3.63
MAR,2007,3.47,3.28,3.64
MAR,2008,3.48,3.29,3.64
MAR,2009,3.49,3.29,3.65
MAR,2010,3.51,3.31,3.67
MAR,2011,3.5,3.3,3.66
MAR,2012,3.51,3.31,3.67
MAR,2013,3.51,3.32,3.68
MAR,2014,3.52,3.32,3.68
MAR,2015,3.53,3.33,3.69
MAR,2016,3.53,3.34,3.7
MAR,2017,3.54,3.34,3.7
MAR,2018,3.53,3.34,3.7
MAR,2019,3.55,3.35,3.72
MAR,2020,3.56,3.36,3.72
MDA,2000,1.97,1.79,2.02
MDA,2001,2.0,1.82,2.05
MDA,2002,2.0,1.83,2.05
MDA,2003,2.0,1.83,2.05
MDA,2004,2.0,1.83,2.05
MDA,2005,2.04,1.87,2.09
MDA,2006,2.01,1.83,2.06
MDA,2007,2.01,1.84,2.06
MDA,2008,2.01,1.84,2.06
MDA,2009,2.01,1.84,2.06
MDA,2010,2.03,1.86,2.07
MDA,2011,2.02,1.84,2.06
MDA,2012,2.02,1.85,2.07
MDA,2013,2.02,1.85,2.07
MDA,2014,2.02,1.85,2.07
MDA,2015,2.01,1.84,2.06
MDA,2016,2.03,1.86,2.07
MDA,2017,2.03,1.86,2.07
MDA,2018,2.03,1.85,2.07
MDA,2019,2.03,1.86,2.08
MDA,2020,2.04,1.86,2.08
MDG,2000,1.92,1.8,1.92
MDG,2001,1.92,1.8,1.92
MDG,2002,1.9,1.78,1.9
MDG,2003,1.88,1.76,1.88
MDG,2004,1.86,1.75,1.86
MDG,2005,1.94,1.82,1.95
MDG,2006,1.82,1.71,1.83
MDG,2007,1.8,1.69,1.81
MDG,2008,1.78,1.68,1.79
MDG,2009,1.77,1.66,1.77
MDG,2010,1.62,1.53,1.62
MDG,2011,1.73,1.62,1.73
MDG,2012,1.71,1.61,1.71
MDG,2013,1.69,1.59,1.69
MDG,2014,1.67,1.57,1.68
MDG,2015,1.65,1.55,1.66
MDG,2016,1.63,1.54,1.64
MDG,2017,1.61,1.52,1.62
MDG,2018,1.64,1.54,1.64
MDG,2019,1.58,1.48,1.58
MDG,2020,1.56,1.47,1.56
MDV,2000,2.88,2.78,2.83
MDV,2001,2.89,2.77,2.85
MDV,2002,2.89,2.77,2.85
MDV,2003,2.89,2.77,2.85
MDV,2004,2.89,2.77,2.86
MDV,2005,2.88,2.76,2.84
MDV,2006,2.9,2.78,2.86
MDV,2007,2.9,2.78,2.87
MDV,2008,2.9,2.78,2.87
MDV,2009,2.9,2.78,2.87
MDV,2010,2.93,2.77,2.94
MDV,2011,2.9,2.78,2.88
MDV,2012,2.91,2.78,2.88
MDV,2013,2.91,2.78,2.89
MDV,2014,2.91,2.79,2.89
MDV,2015,2.92,2.8,2.9
MDV,2016,2.91,2.79,2.9
MDV,2017,2.92,2.79,2.9
MDV,2018,2.9,2.79,2.87
MDV,2019,2.92,2.79,2.91
MDV,2020,2.92,2.79,2.91
MEX,2000,3.24,3.29,3.19
MEX,2001,3.25,3.3,3.2
MEX,2002,3.25,3.3,3.2
MEX,2003,3.26,3.31,3.21
MEX,2004,3.26,3.31,3.21
MEX,2005,3.26,3.31,3.21
MEX,2006,3.26,3.31,3.21
MEX,2007,3.26,3.31,3.21
MEX,2008,3.27,3.32,3.22
MEX,2009,3.27,3.32,3.22
MEX,2010,3.29,3.34,3.24
MEX,2011,3.27,3.32,3.22
MEX,2012,3.28,3.33,3.23
MEX,2013,3.28,3.33,3.23
MEX,2014,3.28,3.33,3.23
MEX,2015,3.28,3.33,3.23
MEX,2016,3.28,3.33,3.23
MEX,2017,3.29,3.34,3.24
MEX,2018,3.28,3.33,3.23
MEX,2019,3.29,3.34,3.24
MEX,2020,3.29,3.34,3.24
MHL,2000,1.3,1.26,1.26
MHL,2001,1.32,1.27,1.28
MHL,2002,1.31,1.27,1.28
MHL,2003,1.31,1.27,1.28
MHL,2004,1.31,1.27,1.28
MHL,2005,1.33,1.27,1.3
MHL,2006,1.31,1.27,1.28
MHL,2007,1.31,1.26,1.28
MHL,2008,1.31,1.26,1.28
MHL,2009,1.31,1.26,1.29
MHL,2010,1.32,1.27,1.29
MHL,2011,1.31,1.26,1.29
MHL,2012,1.31,1.26,1.29
MHL,2013,1.31,1.26,1.29
MHL,2014,1.31,1.26,1.29
MHL,2015,1.31,1.27,1.3
MHL,2016,1.31,1.26,1.29
MHL,2017,1.31,1.26,1.29
MHL,2018,1.3,1.25,1.28
MHL,2019,1.31,1.26,1.3
MHL,2020,1.31,1.26,1.3
MKD,2000,1.99,1.83,2.05
MKD,2001,1.98,1.81,2.03
MKD,2002,1.99,1.82,2.03
MKD,2003,1.99,1.82,2.04
MKD,2004,1.99,1.83,2.04
MKD,2005,1.96,1.79,1.99
MKD,2006,2.0,1.84,2.05
MKD,2007,2.01,1.84,2.05
MKD,2008,2.01,1.85,2.05
MKD,2009,2.02,1.85,2.06
MKD,2010,2.05,1.88,2.1
MKD,2011,2.02,1.86,2.06
MKD,2012,2.03,1.87,2.07
MKD,2013,2.03,1.87,2.07
MKD,2014,2.04,1.87,2.08
MKD,2015,2.05,1.88,2.07
MKD,2016,2.05,1.88,2.08
MKD,2017,2.05,1.89,2.09
MKD,2018,2.04,1.89,2.09
MKD,2019,2.06,1.9,2.09
MKD,2020,2.06,1.9,2.1
MLI,2000,1.69,1.59,1.69
MLI,2001,1.72,1.62,1.72
MLI,2002,1.72,1.62,1.72
MLI,2003,1.73,1.63,1.73
MLI,2004,1.74,1.63,1.73
MLI,2005,1.76,1.65,1.76
MLI,2006,1.75,1.65,1.74
MLI,2007,1.76,1.65,1.75
MLI,2008,1.77,1.66,1.76
MLI,2009,1.77,1.66,1.76
MLI,2010,1.8,1.7,1.78
MLI,2011,1.79,1.68,1.77
MLI,2012,1.79,1.68,1.78
MLI,2013,1.8,1.69,1.79
MLI,2014,1.81,1.69,1.79
MLI,2015,1.82,1.7,1.79
MLI,2016,1.82,1.71,1.8
MLI,2017,1.83,1.71,1.81
MLI,2018,1.81,1.7,1.81
MLI,2019,1.84,1.72,1.82
MLI,2020,1.85,1.73,1.83
MLT,2000,1.27,1.13,1.39
MLT,2001,1.27,1.13,1.39
MLT,2002,1.27,1.13,1.4
MLT,2003,1.27,1.13,1.4
MLT,2004,1.27,1.13,1.4
MLT,2005,1.27,1.13,1.4
MLT,2006,1.28,1.13,1.4
MLT,2007,1.28,1.13,1.4
MLT,2008,1.28,1.13,1.4
MLT,2009,1.28,1.14,1.4
MLT,2010,1.28,1.14,1.41
MLT,2011,1.28,1.14,1.41
MLT,2012,1.28,1.14,1.41
MLT,2013,1.28,1.14,1.41
MLT,2014,1.29,1.14,1.41
MLT,2015,1.29,1.14,1.41
MLT,2016,1.29,1.14,1.41
MLT,2017,1.29,1.14,1.41
MLT,2018,1.29,1.14,1.41
MLT,2019,1.29,1.14,1.41
MLT,2020,1.29,1.14,1.42
MMR,2000,1.32,1.26,1.3
MMR,2001,1.32,1.27,1.3
MMR,2002,1.32,1.27,1.3
MMR,2003,1.32,1.27,1.3
MMR,2004,1.32,1.27,1.3
MMR,2005,1.32,1.27,1.3
MMR,2006,1.32,1.27,1.3
MMR,2007,1.32,1.27,1.3
MMR,2008,1.32,1.27,1.3
MMR,2009,1.32,1.27,1.3
MMR,2010,1.33,1.27,1.3
MMR,2011,1.32,1.27,1.3
MMR,2012,1.32,1.27,1.3
MMR,2013,1.32,1.27,1.3
MMR,2014,1.33,1.27,1.3
MMR,2015,1.33,1.29,1.3
MMR,2016,1.33,1.27,1.3
MMR,2017,1.33,1.27,1.3
MMR,2018,1.32,1.26,1.3
MMR,2019,1.33,1.28,1.3
MMR,2020,1.33,1.28,1.3
MNE,2000,2.01,1.85,2.06
MNE,2001,2.03,1.87,2.08
MNE,2002,2.04,1.88,2.09
MNE,2003,2.06,1.9,2.11
MNE,2004,2.08,1.92,2.13
MNE,2005,2.03,1.86,2.09
MNE,2006,2.12,1.95,2.16
MNE,2007,2.13,1.96,2.18
MNE,2008,2.15,1.98,2.2
MNE,2009,2.17,2.0,2.21
MNE,2010,2.28,2.13,2.31
MNE,2011,2.21,2.03,2.25
MNE,2012,2.22,2.04,2.27
MNE,2013,2.24,2.06,2.28
MNE,2014,2.26,2.08,2.3
MNE,2015,2.31,2.11,2.34
MNE,2016,2.29,2.11,2.33
MNE,2017,2.31,2.12,2.35
MNE,2018,2.27,2.08,2.32
MNE,2019,2.35,2.16,2.39
MNE,2020,2.37,2.17,2.4
MNG,2000,2.92,2.8,3.04
MNG,2001,2.89,2.77,3.0
MNG,2002,2.89,2.77,3.0
MNG,2003,2.89,2.77,3.0
MNG,2004,2.88,2.76,3.0
MNG,2005,2.86,2.74,2.97
MNG,2006,2.88,2.76,2.99
MNG,2007,2.88,2.76,2.99
MNG,2008,2.88,2.76,2.99
MNG,2009,2.88,2.76,2.99
MNG,2010,2.84,2.72,2.94
MNG,2011,2.87,2.75,2.98
MNG,2012,2.87,2.75,2.98
MNG,2013,2.87,2.75,2.98
MNG,2014,2.87,2.75,2.98
MNG,2015,2.88,2.76,2.99
MNG,2016,2.87,2.75,2.97
MNG,2017,2.87,2.75,2.97
MNG,2018,2.88,2.76,2.99
MNG,2019,2.86,2.74,2.97
MNG,2020,2.86,2.74,2.97
MOZ,2000,1.52,1.44,1.58
MOZ,2001,1.54,1.46,1.6
MOZ,2002,1.53,1.45,1.59
MOZ,2003,1.53,1.45,1.59
MOZ,2004,1.52,1.44,1.58
MOZ,2005,1.53,1.45,1.59
MOZ,2006,1.51,1.43,1.57
MOZ,2007,1.51,1.43,1.57
MOZ,2008,1.5,1.42,1.56
MOZ,2009,1.5,1.42,1.56
MOZ,2010,1.54,1.46,1.6
MOZ,2011,1.49,1.41,1.55
MOZ,2012,1.48,1.4,1.54
MOZ,2013,1.48,1.4,1.54
MOZ,2014,1.47,1.39,1.53
MOZ,2015,1.45,1.37,1.51
MOZ,2016,1.46,1.38,1.52
MOZ,2017,1.46,1.38,1.52
MOZ,2018,1.44,1.36,1.5
MOZ,2019,1.45,1.37,1.51
MOZ,2020,1.44,1.36,1.5
MRT,2000,1.74,1.65,1.77
MRT,2001,1.74,1.64,1.75
MRT,2002,1.74,1.64,1.75
MRT,2003,1.74,1.64,1.74
MRT,2004,1.74,1.64,1.74
MRT,2005,1.75,1.64,1.73
MRT,2006,1.74,1.64,1.74
MRT,2007,1.74,1.64,1.74
MRT,2008,1.74,1.64,1.74
MRT,2009,1.74,1.64,1.74
MRT,2010,1.72,1.62,1.71
MRT,2011,1.74,1.63,1.74
MRT,2012,1.73,1.63,1.74
MRT,2013,1.73,1.63,1.74
MRT,2014,1.73,1.63,1.74
MRT,2015,1.73,1.63,1.74
MRT,2016,1.73,1.63,1.74
MRT,2017,1.73,1.63,1.74
MRT,2018,1.74,1.64,1.76
MRT,2019,1.73,1.63,1.74
MRT,2020,1.73,1.63,1.74
MUS,2000,1.69,1.62,1.68
MUS,2001,1.71,1.63,1.69
MUS,2002,1.71,1.63,1.69
MUS,2003,1.71,1.63,1.69
MUS,2004,1.71,1.63,1.69
MUS,2005,1.73,1.64,1.7
MUS,2006,1.71,1.63,1.69
MUS,2007,1.71,1.63,1.7
MUS,2008,1.71,1.63,1.7
MUS,2009,1.71,1.63,1.7
MUS,2010,1.71,1.63,1.7
MUS,2011,1.71,1.63,1.7
MUS,2012,1.71,1.63,1.7
MUS,2013,1.71,1.63,1.7
MUS,2014,1.72,1.63,1.71
MUS,2015,1.72,1.64,1.72
MUS,2016,1.72,1.63,1.71
MUS,2017,1.72,1.63,1.71
MUS,2018,1.71,1.62,1.7
MUS,2019,1.72,1.63,1.71
MUS,2020,1.72,1.63,1.71
MWI,2000,1.08,1.03,1.12
MWI,2001,1.08,1.03,1.12
MWI,2002,1.08,1.03,1.12
MWI,2003,1.08,1.03,1.12
MWI,2004,1.08,1.03,1.12
MWI,2005,1.07,1.03,1.12
MWI,2006,1.08,1.03,1.12
MWI,2007,1.08,1.03,1.12
MWI,2008,1.08,1.03,1.12
MWI,2009,1.08,1.04,1.13
MWI,2010,1.09,1.04,1.13
MWI,2011,1.09,1.04,1.13
MWI,2012,1.09,1.04,1.13
MWI,2013,1.09,1.04,1.13
MWI,2014,1.09,1.04,1.13
MWI,2015,1.09,1.04,1.13
MWI,2016,1.09,1.04,1.13
MWI,2017,1.09,1.04,1.13
MWI,2018,1.09,1.04,1.13
MWI,2019,1.09,1.04,1.13
MWI,2020,1.09,1.04,1.13
MYS,2000,1.38,1.37,1.4
MYS,2001,1.38,1.37,1.4
MYS,2002,1.38,1.37,1.4
MYS,2003,1.38,1.37,1.4
MYS,2004,1.38,1.37,1.4
MYS,2005,1.37,1.36,1.39
MYS,2006,1.38,1.37,1.4
MYS,2007,1.39,1.37,1.41
MYS,2008,1.39,1.37,1.41
MYS,2009,1.39,1.37,1.41
MYS,2010,1.4,1.38,1.42
MYS,2011,1.39,1.38,1.41
MYS,2012,1.39,1.38,1.41
MYS,2013,1.4,1.38,1.42
MYS,2014,1.4,1.38,1.42
MYS,2015,1.4,1.38,1.42
MYS,2016,1.4,1.38,1.42
MYS,2017,1.4,1.38,1.42
MYS,2018,1.4,1.38,1.42
MYS,2019,1.4,1.38,1.42
MYS,2020,1.41,1.38,1.43
NAM,2000,1.78,1.68,1.77
NAM,2001,1.77,1.68,1.76
NAM,2002,1.77,1.68,1.76
NAM,2003,1.77,1.67,1.76
NAM,2004,1.77,1.67,1.76
NAM,2005,1.76,1.67,1.75
NAM,2006,1.77,1.67,1.76
NAM,2007,1.77,1.67,1.76
NAM,2008,1.77,1.67,1.76
NAM,2009,1.76,1.67,1.76
NAM,2010,1.76,1.67,1.76
NAM,2011,1.76,1.67,1.76
NAM,2012,1.76,1.67,1.76
NAM,2013,1.76,1.67,1.76
NAM,2014,1.76,1.67,1.76
NAM,2015,1.75,1.66,1.77
NAM,2016,1.76,1.67,1.76
NAM,2017,1.76,1.66,1.76
NAM,2018,1.77,1.67,1.76
NAM,2019,1.76,1.66,1.76
NAM,2020,1.76,1.66,1.76
NER,2000,1.78,1.69,1.76
NER,2001,1.78,1.68,1.77
NER,2002,1.78,1.68,1.77
NER,2003,1.78,1.68,1.78
NER,2004,1.78,1.68,1.78
NER,2005,1.78,1.67,1.79
NER,2006,1.78,1.68,1.78
NER,2007,1.78,1.68,1.78
NER,2008,1.78,1.68,1.78
NER,2009,1.78,1.68,1.78
NER,2010,1.79,1.7,1.78
NER,2011,1.78,1.68,1.78
NER,2012,1.78,1.68,1.78
NER,2013,1.78,1.68,1.78
NER,2014,1.78,1.68,1.78
NER,2015,1.78,1.66,1.79
NER,2016,1.78,1.68,1.78
NER,2017,1.78,1.68,1.78
NER,2018,1.77,1.69,1.76
NER,2019,1.78,1.68,1.78
NER,2020,1.78,1.68,1.78
NGA,2000,1.9,1.86,1.94
NGA,2001,1.89,1.86,1.93
NGA,2002,1.89,1.86,1.93
NGA,2003,1.89,1.85,1.93
NGA,2004,1.89,1.85,1.93
NGA,2005,1.89,1.85,1.93
NGA,2006,1.9,1.85,1.94
NGA,2007,1.9,1.85,1.94
NGA,2008,1.9,1.85,1.94
NGA,2009,1.9,1.85,1.94
NGA,2010,1.89,1.85,1.93
NGA,2011,1.9,1.85,1.94
NGA,2012,1.9,1.85,1.94
NGA,2013,1.9,1.85,1.94
NGA,2014,1.9,1.85,1.94
NGA,2015,1.9,1.85,1.94
NGA,2016,1.9,1.85,1.94
NGA,2017,1.9,1.85,1.94
NGA,2018,1.9,1.85,1.94
NGA,2019,1.9,1.85,1.94
NGA,2020,1.9,1.85,1.94
NIC,2000,3.01,2.81,3.0
NIC,2001,3.03,2.86,3.02
NIC,2002,3.04,2.87,3.03
NIC,2003,3.05,2.88,3.04
NIC,2004,3.06,2.89,3.05
NIC,2005,3.07,2.91,3.07
NIC,2006,3.08,2.91,3.06
NIC,2007,3.09,2.92,3.07
NIC,2008,3.1,2.93,3.08
NIC,2009,3.11,2.94,3.09
NIC,2010,3.15,3.01,3.1
NIC,2011,3.12,2.96,3.11
NIC,2012,3.13,2.97,3.12
NIC,2013,3.14,2.98,3.13
NIC,2014,3.15,2.98,3.14
NIC,2015,3.15,3.0,3.14
NIC,2016,3.17,3.0,3.15
NIC,2017,3.18,3.01,3.16
NIC,2018,3.18,2.98,3.17
NIC,2019,3.2,3.03,3.18
NIC,2020,3.21,3.04,3.19
NLD,2000,0.97,0.9,1.04
NLD,2001,0.97,0.9,1.04
NLD,2002,0.97,0.9,1.04
NLD,2003,0.97,0.9,1.04
NLD,2004,0.97,0.9,1.04
NLD,2005,0.96,0.89,1.03
NLD,2006,0.97,0.9,1.04
NLD,2007,0.98,0.91,1.05
NLD,2008,0.98,0.91,1.05
NLD,2009,0.98,0.91,1.05
NLD,2010,0.99,0.92,1.06
NLD,2011,0.98,0.91,1.05
NLD,2012,0.98,0.91,1.05
NLD,2013,0.99,0.92,1.06
NLD,2014,0.99,0.92,1.06
NLD,2015,0.99,0.92,1.06
NLD,2016,0.99,0.92,1.06
NLD,2017,0.99,0.92,1.06
NLD,2018,0.99,0.92,1.06
NLD,2019,0.99,0.92,1.06
NLD,2020,1.0,0.93,1.07
NOR,2000,1.27,1.18,1.29
NOR,2001,1.27,1.19,1.29
NOR,2002,1.27,1.19,1.29
NOR,2003,1.28,1.19,1.29
NOR,2004,1.28,1.19,1.29
NOR,2005,1.28,1.19,1.29
NOR,2006,1.28,1.19,1.29
NOR,2007,1.28,1.19,1.29
NOR,2008,1.28,1.19,1.29
NOR,2009,1.28,1.19,1.29
NOR,2010,1.28,1.19,1.29
NOR,2011,1.28,1.19,1.29
NOR,2012,1.28,1.19,1.3
NOR,2013,1.28,1.19,1.3
NOR,2014,1.28,1.19,1.3
NOR,2015,1.29,1.21,1.3
NOR,2016,1.28,1.19,1.3
NOR,2017,1.29,1.19,1.3
NOR,2018,1.28,1.17,1.3
NOR,2019,1.29,1.19,1.3
NOR,2020,1.29,1.19,1.3
NPL,2000,2.99,2.82,2.93
NPL,2001,3.02,2.86,2.97
NPL,2002,3.01,2.86,2.97
NPL,2003,3.0,2.85,2.96
NPL,2004,2.99,2.84,2.95
NPL,2005,2.99,2.87,2.96
NPL,2006,2.98,2.83,2.94
NPL,2007,2.97,2.83,2.93
NPL,2008,2.96,2.82,2.92
NPL,2009,2.95,2.82,2.92
NPL,2010,3.03,2.88,3.01
NPL,2011,2.94,2.8,2.9
NPL,2012,2.93,2.8,2.89
NPL,2013,2.92,2.79,2.89
NPL,2014,2.91,2.79,2.88
NPL,2015,2.87,2.74,2.85
NPL,2016,2.9,2.78,2.87
NPL,2017,2.89,2.77,2.86
NPL,2018,2.86,2.75,2.81
NPL,2019,2.87,2.76,2.84
NPL,2020,2.86,2.75,2.84
NZL,2000,1.06,1.06,1.05
NZL,2001,1.06,1.06,1.05
NZL,2002,1.06,1.06,1.05
NZL,2003,1.06,1.07,1.05
NZL,2004,1.06,1.07,1.06
NZL,2005,1.05,1.06,1.05
NZL,2006,1.07,1.07,1.06
NZL,2007,1.07,1.07,1.06
NZL,2008,1.07,1.08,1.06
NZL,2009,1.07,1.08,1.07
NZL,2010,1.09,1.1,1.08
NZL,2011,1.08,1.08,1.07
NZL,2012,1.08,1.08,1.07
NZL,2013,1.08,1.09,1.07
NZL,2014,1.08,1.09,1.08
NZL,2015,1.09,1.09,1.08
NZL,2016,1.09,1.09,1.08
NZL,2017,1.09,1.09,1.08
NZL,2018,1.08,1.09,1.08
NZL,2019,1.09,1.1,1.09
NZL,2020,1.09,1.1,1.09
OMN,2000,4.27,3.94,4.35
OMN,2001,4.26,3.96,4.34
OMN,2002,4.27,3.97,4.35
OMN,2003,4.28,3.98,4.35
OMN,2004,4.29,3.99,4.36
OMN,2005,4.24,3.98,4.32
OMN,2006,4.3,4.01,4.37
OMN,2007,4.31,4.02,4.38
OMN,2008,4.31,4.03,4.38
OMN,2009,4.32,4.04,4.39
OMN,2010,4.38,4.1,4.43
OMN,2011,4.33,4.06,4.4
OMN,2012,4.34,4.08,4.4
OMN,2013,4.35,4.09,4.41
OMN,2014,4.35,4.1,4.41
OMN,2015,4.37,4.12,4.44
OMN,2016,4.37,4.12,4.42
OMN,2017,4.38,4.13,4.43
OMN,2018,4.36,4.11,4.41
OMN,2019,4.39,4.15,4.44
OMN,2020,4.4,4.16,4.45
PAK,2000,2.83,2.71,2.8
PAK,2001,2.83,2.71,2.8
PAK,2002,2.83,2.71,2.8
PAK,2003,2.83,2.72,2.8
PAK,2004,2.83,2.72,2.8
PAK,2005,2.82,2.72,2.79
PAK,2006,2.84,2.73,2.8
PAK,2007,2.84,2.73,2.81
PAK,2008,2.84,2.73,2.81
PAK,2009,2.84,2.74,2.81
PAK,2010,2.85,2.74,2.82
PAK,2011,2.85,2.74,2.81
PAK,2012,2.85,2.75,2.81
PAK,2013,2.85,2.75,2.81
PAK,2014,2.85,2.76,2.81
PAK,2015,2.86,2.76,2.83
PAK,2016,2.86,2.76,2.81
PAK,2017,2.86,2.77,2.82
PAK,2018,2.86,2.77,2.8
PAK,2019,2.86,2.77,2.82
PAK,2020,2.87,2.78,2.82
PAN,2000,3.16,3.02,3.14
PAN,2001,3.17,3.02,3.14
PAN,2002,3.17,3.02,3.14
PAN,2003,3.17,3.02,3.15
PAN,2004,3.17,3.02,3.15
PAN,2005,3.17,3.0,3.15
PAN,2006,3.17,3.02,3.15
PAN,2007,3.18,3.02,3.16
PAN,2008,3.18,3.03,3.16
PAN,2009,3.18,3.03,3.16
PAN,2010,3.19,3.04,3.17
PAN,2011,3.18,3.03,3.17
PAN,2012,3.18,3.03,3.17
PAN,2013,3.19,3.03,3.17
PAN,2014,3.19,3.03,3.18
PAN,2015,3.2,3.07,3.16
PAN,2016,3.19,3.04,3.18
PAN,2017,3.19,3.04,3.18
PAN,2018,3.18,3.01,3.2
PAN,2019,3.2,3.04,3.19
PAN,2020,3.2,3.04,3.19
PER,2000,3.0,2.85,2.98
PER,2001,3.01,2.86,2.99
PER,2002,3.02,2.87,3.0
PER,2003,3.03,2.87,3.0
PER,2004,3.03,2.88,3.01
PER,2005,3.03,2.87,3.01
PER,2006,3.05,2.9,3.03
PER,2007,3.05,2.9,3.03
PER,2008,3.06,2.91,3.04
PER,2009,3.07,2.92,3.05
PER,2010,3.1,2.95,3.08
PER,2011,3.08,2.93,3.06
PER,2012,3.09,2.94,3.07
PER,2013,3.1,2.95,3.08
PER,2014,3.1,2.95,3.08
PER,2015,3.11,2.98,3.08
PER,2016,3.12,2.97,3.1
PER,2017,3.12,2.98,3.11
PER,2018,3.12,2.96,3.11
PER,2019,3.14,2.99,3.12
PER,2020,3.15,3.0,3.13
PHL,2000,1.13,1.1,1.11
PHL,2001,1.14,1.1,1.11
PHL,2002,1.14,1.11,1.12
PHL,2003,1.14,1.11,1.12
PHL,2004,1.14,1.11,1.12
PHL,2005,1.15,1.11,1.12
PHL,2006,1.15,1.11,1.12
PHL,2007,1.15,1.11,1.13
PHL,2008,1.15,1.11,1.13
PHL,2009,1.15,1.11,1.13
PHL,2010,1.16,1.12,1.14
PHL,2011,1.16,1.11,1.13
PHL,2012,1.16,1.11,1.14
PHL,2013,1.16,1.11,1.14
PHL,2014,1.16,1.12,1.14
PHL,2015,1.16,1.11,1.15
PHL,2016,1.17,1.12,1.15
PHL,2017,1.17,1.12,1.15
PHL,2018,1.17,1.12,1.14
PHL,2019,1.17,1.12,1.15
PHL,2020,1.17,1.12,1.15
PNG,2000,1.3,1.26,1.27
PNG,2001,1.3,1.26,1.28
PNG,2002,1.3,1.26,1.28
PNG,2003,1.3,1.26,1.28
PNG,2004,1.31,1.26,1.28
PNG,2005,1.31,1.27,1.29
PNG,2006,1.31,1.26,1.28
PNG,2007,1.31,1.26,1.28
PNG,2008,1.31,1.27,1.28
PNG,2009,1.31,1.27,1.28
PNG,2010,1.31,1.26,1.29
PNG,2011,1.31,1.27,1.28
PNG,2012,1.31,1.27,1.29
PNG,2013,1.31,1.27,1.29
PNG,2014,1.31,1.27,1.29
PNG,2015,1.31,1.27,1.28
PNG,2016,1.32,1.27,1.29
PNG,2017,1.32,1.27,1.29
PNG,2018,1.32,1.27,1.29
PNG,2019,1.32,1.27,1.29
PNG,2020,1.32,1.27,1.29
POL,2000,2.38,1.88,2.86
POL,2001,2.38,1.88,2.85
POL,2002,2.38,1.88,2.85
POL,2003,2.38,1.88,2.85
POL,2004,2.38,1.88,2.85
POL,2005,2.37,1.87,2.84
POL,2006,2.38,1.88,2.85
POL,2007,2.38,1.88,2.85
POL,2008,2.38,1.88,2.85
POL,2009,2.38,1.88,2.85
POL,2010,2.38,1.88,2.85
POL,2011,2.38,1.88,2.85
POL,2012,2.38,1.88,2.85
POL,2013,2.38,1.88,2.85
POL,2014,2.38,1.88,2.85
POL,2015,2.38,1.88,2.85
POL,2016,2.38,1.88,2.85
POL,2017,2.38,1.88,2.85
POL,2018,2.38,1.88,2.85
POL,2019,2.38,1.88,2.85
POL,2020,2.38,1.88,2.85
PRT,2000,1.51,1.52,1.51
PRT,2001,1.51,1.52,1.51
PRT,2002,1.51,1.52,1.51
PRT,2003,1.51,1.52,1.51
PRT,2004,1.51,1.52,1.51
PRT,2005,1.51,1.52,1.51
PRT,2006,1.51,1.52,1.51
PRT,2007,1.51,1.52,1.51
PRT,2008,1.51,1.52,1.51
PRT,2009,1.51,1.52,1.51
PRT,2010,1.52,1.52,1.51
PRT,2011,1.51,1.52,1.51
PRT,2012,1.51,1.52,1.51
PRT,2013,1.51,1.52,1.51
PRT,2014,1.51,1.52,1.51
PRT,2015,1.51,1.52,1.51
PRT,2016,1.51,1.52,1.51
PRT,2017,1.51,1.52,1.51
PRT,2018,1.51,1.52,1.51
PRT,2019,1.51,1.52,1.51
PRT,2020,1.51,1.52,1.51
PRY,2000,3.14,2.96,3.13
PRY,2001,3.13,2.96,3.12
PRY,2002,3.14,2.96,3.12
PRY,2003,3.14,2.97,3.12
PRY,2004,3.14,2.97,3.13
PRY,2005,3.14,2.97,3.11
PRY,2006,3.15,2.97,3.13
PRY,2007,3.15,2.97,3.14
PRY,2008,3.16,2.97,3.14
PRY,2009,3.16,2.98,3.14
PRY,2010,3.16,2.98,3.14
PRY,2011,3.16,2.98,3.15
PRY,2012,3.17,2.98,3.15
PRY,2013,3.17,2.98,3.16
PRY,2014,3.17,2.99,3.16
PRY,2015,3.16,2.98,3.16
PRY,2016,3.18,2.99,3.17
PRY,2017,3.18,2.99,3.17
PRY,2018,3.2,3.0,3.19
PRY,2019,3.19,3.0,3.18
PRY,2020,3.19,3.0,3.18
PSE,2000,3.89,3.63,3.87
PSE,2001,3.91,3.66,3.92
PSE,2002,4.0,3.74,4.01
PSE,2003,4.08,3.81,4.09
PSE,2004,4.16,3.89,4.17
PSE,2005,3.88,3.63,3.93
PSE,2006,4.32,4.04,4.34
PSE,2007,4.4,4.11,4.43
PSE,2008,4.48,4.19,4.51
PSE,2009,4.57,4.26,4.59
PSE,2010,5.08,4.76,5.14
PSE,2011,4.73,4.42,4.76
PSE,2012,4.81,4.49,4.85
PSE,2013,4.89,4.57,4.93
PSE,2014,4.97,4.64,5.01
PSE,2015,5.11,4.76,5.1
PSE,2016,5.14,4.79,5.18
PSE,2017,5.22,4.87,5.26
PSE,2018,5.11,4.77,5.18
PSE,2019,5.38,5.02,5.43
PSE,2020,5.46,5.1,5.52
QAT,2000,4.26,4.02,4.28
QAT,2001,4.25,3.99,4.27
QAT,2002,4.26,4.0,4.28
QAT,2003,4.27,4.0,4.29
QAT,2004,4.27,4.01,4.3
QAT,2005,4.21,3.94,4.25
QAT,2006,4.29,4.02,4.32
QAT,2007,4.3,4.03,4.33
QAT,2008,4.3,4.03,4.34
QAT,2009,4.31,4.04,4.35
QAT,2010,4.39,4.08,4.41
QAT,2011,4.33,4.05,4.37
QAT,2012,4.33,4.06,4.38
QAT,2013,4.34,4.07,4.39
QAT,2014,4.35,4.07,4.4
QAT,2015,4.39,4.1,4.47
QAT,2016,4.36,4.08,4.42
QAT,2017,4.37,4.09,4.43
QAT,2018,4.33,4.08,4.39
QAT,2019,4.39,4.1,4.45
QAT,2020,4.39,4.11,4.46
ROU,2000,2.73,2.66,2.79
ROU,2001,2.77,2.7,2.83
ROU,2002,2.77,2.7,2.83
ROU,2003,2.77,2.7,2.83
ROU,2004,2.78,2.71,2.84
ROU,2005,2.82,2.75,2.88
ROU,2006,2.78,2.71,2.84
ROU,2007,2.79,2.72,2.85
ROU,2008,2.79,2.72,2.85
ROU,2009,2.79,2.72,2.85
ROU,2010,2.8,2.73,2.87
ROU,2011,2.8,2.73,2.86
ROU,2012,2.8,2.73,2.86
ROU,2013,2.81,2.74,2.87
ROU,2014,2.81,2.74,2.87
ROU,2015,2.81,2.74,2.87
ROU,2016,2.82,2.75,2.88
ROU,2017,2.82,2.75,2.88
ROU,2018,2.81,2.74,2.87
ROU,2019,2.83,2.76,2.89
ROU,2020,2.83,2.76,2.89
RUS,2000,1.9,1.76,2.02
RUS,2001,1.92,1.78,2.05
RUS,2002,1.92,1.78,2.05
RUS,2003,1.93,1.79,2.05
RUS,2004,1.93,1.79,2.06
RUS,2005,1.95,1.81,2.08
RUS,2006,1.94,1.8,2.07
RUS,2007,1.94,1.8,2.07
RUS,2008,1.94,1.8,2.07
RUS,2009,1.95,1.8,2.08
RUS,2010,1.96,1.82,2.1
RUS,2011,1.95,1.81,2.09
RUS,2012,1.96,1.81,2.09
RUS,2013,1.96,1.82,2.09
RUS,2014,1.97,1.82,2.1
RUS,2015,1.97,1.82,2.1
RUS,2016,1.97,1.82,2.11
RUS,2017,1.98,1.83,2.11
RUS,2018,1.97,1.82,2.1
RUS,2019,1.98,1.83,2.12
RUS,2020,1.99,1.84,2.12
RWA,2000,1.66,1.56,1.65
RWA,2001,1.65,1.56,1.64
RWA,2002,1.66,1.56,1.65
RWA,2003,1.66,1.56,1.65
RWA,2004,1.66,1.56,1.65
RWA,2005,1.66,1.55,1.65
RWA,2006,1.66,1.56,1.65
RWA,2007,1.66,1.56,1.65
RWA,2008,1.66,1.56,1.66
RWA,2009,1.66,1.56,1.66
RWA,2010,1.64,1.57,1.64
RWA,2011,1.66,1.57,1.66
RWA,2012,1.66,1.57,1.66
RWA,2013,1.66,1.57,1.66
RWA,2014,1.66,1.57,1.67
RWA,2015,1.66,1.56,1.67
RWA,2016,1.66,1.57,1.67
RWA,2017,1.66,1.57,1.67
RWA,2018,1.67,1.58,1.68
RWA,2019,1.66,1.57,1.67
RWA,2020,1.66,1.57,1.68
SAU,2000,4.01,3.93,4.09
SAU,2001,4.02,3.94,4.09
SAU,2002,4.02,3.94,4.1
SAU,2003,4.03,3.95,4.11
SAU,2004,4.03,3.95,4.11
SAU,2005,4.01,3.93,4.09
SAU,2006,4.04,3.97,4.12
SAU,2007,4.05,3.97,4.13
SAU,2008,4.05,3.98,4.14
SAU,2009,4.06,3.98,4.14
SAU,2010,4.11,4.04,4.19
SAU,2011,4.07,4.0,4.15
SAU,2012,4.07,4.0,4.16
SAU,2013,4.08,4.01,4.17
SAU,2014,4.09,4.01,4.17
SAU,2015,4.09,4.02,4.18
SAU,2016,4.1,4.03,4.18
SAU,2017,4.1,4.03,4.19
SAU,2018,4.09,4.02,4.18
SAU,2019,4.11,4.04,4.2
SAU,2020,4.12,4.05,4.21
SDN,2000,1.86,1.76,1.88
SDN,2001,1.87,1.76,1.88
SDN,2002,1.87,1.76,1.88
SDN,2003,1.87,1.76,1.88
SDN,2004,1.87,1.76,1.88
SDN,2005,1.9,1.76,1.9
SDN,2006,1.87,1.76,1.88
SDN,2007,1.87,1.75,1.88
SDN,2008,1.87,1.75,1.87
SDN,2009,1.87,1.75,1.87
SDN,2010,1.85,1.75,1.85
SDN,2011,1.86,1.75,1.87
SDN,2012,1.86,1.75,1.87
SDN,2013,1.86,1.75,1.87
SDN,2014,1.86,1.75,1.87
SDN,2015,1.86,1.74,1.86
SDN,2016,1.86,1.75,1.86
SDN,2017,1.86,1.75,1.86
SDN,2018,1.86,1.75,1.87
SDN,2019,1.86,1.74,1.86
SDN,2020,1.86,1.74,1.86
SEN,2000,1.61,1.51,1.61
SEN,2001,1.62,1.51,1.62
SEN,2002,1.62,1.51,1.62
SEN,2003,1.62,1.52,1.63
SEN,2004,1.62,1.52,1.63
SEN,2005,1.62,1.51,1.64
SEN,2006,1.63,1.52,1.63
SEN,2007,1.63,1.53,1.63
SEN,2008,1.63,1.53,1.63
SEN,2009,1.63,1.53,1.63
SEN,2010,1.65,1.54,1.64
SEN,2011,1.63,1.54,1.64
SEN,2012,1.64,1.54,1.64
SEN,2013,1.64,1.54,1.64
SEN,2014,1.64,1.54,1.64
SEN,2015,1.64,1.56,1.64
SEN,2016,1.64,1.55,1.64
SEN,2017,1.65,1.55,1.64
SEN,2018,1.64,1.54,1.64
SEN,2019,1.65,1.56,1.65
SEN,2020,1.65,1.56,1.65
SGP,2000,0.0,0.0,0.0
SGP,2001,0.0,0.0,0.0
SGP,2002,0.0,0.0,0.0
SGP,2003,0.0,0.0,0.0
SGP,2004,0.0,0.0,0.0
SGP,2005,0.0,0.0,0.0
SGP,2006,0.0,0.0,0.0
SGP,2007,0.0,0.0,0.0
SGP,2008,0.0,0.0,0.0
SGP,2009,0.0,0.0,0.0
SGP,2010,0.0,0.0,0.0
SGP,2011,0.0,0.0,0.0
SGP,2012,0.0,0.0,0.0
SGP,2013,0.0,0.0,0.0
SGP,2014,0.0,0.0,0.0
SGP,2015,0.0,0.0,0.0
SGP,2016,0.0,0.0,0.0
SGP,2017,0.0,0.0,0.0
SGP,2018,0.0,0.0,0.0
SGP,2019,0.0,0.0,0.0
SGP,2020,0.0,0.0,0.0
SLB,2000,1.31,1.27,1.3
SLB,2001,1.32,1.27,1.3
SLB,2002,1.32,1.27,1.3
SLB,2003,1.32,1.27,1.3
SLB,2004,1.32,1.27,1.3
SLB,2005,1.33,1.26,1.3
SLB,2006,1.32,1.28,1.3
SLB,2007,1.32,1.28,1.3
SLB,2008,1.32,1.28,1.3
SLB,2009,1.33,1.28,1.3
SLB,2010,1.33,1.3,1.3
SLB,2011,1.33,1.28,1.3
SLB,2012,1.33,1.29,1.3
SLB,2013,1.33,1.29,1.3
SLB,2014,1.33,1.29,1.3
SLB,2015,1.33,1.29,1.31
SLB,2016,1.33,1.29,1.3
SLB,2017,1.33,1.29,1.3
SLB,2018,1.33,1.29,1.3
SLB,2019,1.33,1.3,1.3
SLB,2020,1.34,1.3,1.3
SLE,2000,1.94,1.82,1.94
SLE,2001,1.94,1.83,1.95
SLE,2002,1.94,1.83,1.95
SLE,2003,1.95,1.83,1.95
SLE,2004,1.95,1.83,1.95
SLE,2005,1.95,1.84,1.96
SLE,2006,1.95,1.84,1.95
SLE,2007,1.95,1.84,1.95
SLE,2008,1.95,1.84,1.94
SLE,2009,1.95,1.84,1.94
SLE,2010,1.95,1.85,1.94
SLE,2011,1.95,1.84,1.94
SLE,2012,1.95,1.84,1.94
SLE,2013,1.95,1.84,1.94
SLE,2014,1.95,1.84,1.94
SLE,2015,1.96,1.86,1.95
SLE,2016,1.95,1.85,1.94
SLE,2017,1.96,1.85,1.94
SLE,2018,1.95,1.83,1.93
SLE,2019,1.96,1.85,1.94
SLE,2020,1.96,1.85,1.94
SLV,2000,2.99,2.84,2.98
SLV,2001,3.03,2.88,3.01
SLV,2002,3.03,2.88,3.02
SLV,2003,3.03,2.89,3.02
SLV,2004,3.04,2.89,3.02
SLV,2005,3.07,2.92,3.07
SLV,2006,3.04,2.89,3.02
SLV,2007,3.05,2.89,3.02
SLV,2008,3.05,2.89,3.03
SLV,2009,3.05,2.89,3.03
SLV,2010,3.07,2.93,3.03
SLV,2011,3.06,2.9,3.03
SLV,2012,3.06,2.9,3.03
SLV,2013,3.07,2.9,3.03
SLV,2014,3.07,2.9,3.03
SLV,2015,3.09,2.92,3.02
SLV,2016,3.08,2.9,3.04
SLV,2017,3.08,2.9,3.04
SLV,2018,3.05,2.86,3.04
SLV,2019,3.09,2.91,3.04
SLV,2020,3.09,2.91,3.04
SRB,2000,1.61,1.49,1.71
SRB,2001,1.62,1.5,1.72
SRB,2002,1.62,1.5,1.72
SRB,2003,1.62,1.5,1.72
SRB,2004,1.61,1.49,1.71
SRB,2005,1.63,1.51,1.73
SRB,2006,1.61,1.49,1.71
SRB,2007,1.61,1.49,1.71
SRB,2008,1.61,1.49,1.71
SRB,2009,1.61,1.49,1.71
SRB,2010,1.6,1.48,1.7
SRB,2011,1.61,1.49,1.71
SRB,2012,1.61,1.49,1.71
SRB,2013,1.6,1.48,1.7
SRB,2014,1.6,1.48,1.7
SRB,2015,1.6,1.48,1.7
SRB,2016,1.6,1.48,1.7
SRB,2017,1.6,1.48,1.7
SRB,2018,1.6,1.48,1.7
SRB,2019,1.6,1.48,1.7
SRB,2020,1.6,1.48,1.7
SSD,2000,1.84,1.74,1.84
SSD,2001,1.86,1.76,1.86
SSD,2002,1.85,1.75,1.86
SSD,2003,1.85,1.75,1.85
SSD,2004,1.84,1.74,1.85
SSD,2005,1.87,1.78,1.87
SSD,2006,1.84,1.74,1.84
SSD,2007,1.83,1.73,1.83
SSD,2008,1.83,1.73,1.83
SSD,2009,1.82,1.72,1.82
SSD,2010,1.82,1.71,1.84
SSD,2011,1.81,1.71,1.82
SSD,2012,1.81,1.71,1.81
SSD,2013,1.81,1.71,1.81
SSD,2014,1.8,1.7,1.8
SSD,2015,1.79,1.68,1.78
SSD,2016,1.79,1.69,1.79
SSD,2017,1.79,1.69,1.79
SSD,2018,1.78,1.69,1.78
SSD,2019,1.78,1.68,1.78
SSD,2020,1.78,1.67,1.77
STP,2000,1.95,1.83,1.94
STP,2001,1.94,1.83,1.93
STP,2002,1.94,1.83,1.94
STP,2003,1.94,1.83,1.94
STP,2004,1.94,1.83,1.94
STP,2005,1.94,1.82,1.93
STP,2006,1.95,1.84,1.94
STP,2007,1.95,1.84,1.94
STP,2008,1.95,1.84,1.94
STP,2009,1.95,1.84,1.94
STP,2010,1.94,1.86,1.94
STP,2011,1.95,1.84,1.95
STP,2012,1.95,1.84,1.95
STP,2013,1.95,1.84,1.95
STP,2014,1.95,1.84,1.95
STP,2015,1.95,1.85,1.96
STP,2016,1.95,1.84,1.95
STP,2017,1.95,1.84,1.95
STP,2018,1.95,1.83,1.95
STP,2019,1.95,1.85,1.95
STP,2020,1.95,1.85,1.96
SUR,2000,2.98,2.83,2.99
SUR,2001,2.98,2.83,2.99
SUR,2002,2.99,2.84,2.99
SUR,2003,2.99,2.84,3.0
SUR,2004,3.0,2.84,3.0
SUR,2005,2.98,2.82,2.99
SUR,2006,3.01,2.85,3.0
SUR,2007,3.01,2.86,3.0
SUR,2008,3.01,2.86,3.0
SUR,2009,3.02,2.87,3.01
SUR,2010,3.06,2.92,3.03
SUR,2011,3.03,2.88,3.01
SUR,2012,3.03,2.88,3.01
SUR,2013,3.04,2.89,3.01
SUR,2014,3.04,2.89,3.02
SUR,2015,3.03,2.87,3.0
SUR,2016,3.05,2.9,3.02
SUR,2017,3.06,2.9,3.02
SUR,2018,3.06,2.91,3.03
SUR,2019,3.06,2.91,3.03
SUR,2020,3.07,2.92,3.03
SVK,2000,2.03,1.88,2.08
SVK,2001,2.05,1.88,2.1
SVK,2002,2.05,1.88,2.1
SVK,2003,2.05,1.88,2.11
SVK,2004,2.06,1.89,2.11
SVK,2005,2.08,1.88,2.13
SVK,2006,2.07,1.89,2.12
SVK,2007,2.07,1.89,2.12
SVK,2008,2.07,1.9,2.12
SVK,2009,2.08,1.9,2.13
SVK,2010,2.08,1.91,2.14
SVK,2011,2.08,1.91,2.13
SVK,2012,2.09,1.91,2.14
SVK,2013,2.09,1.91,2.14
SVK,2014,2.09,1.91,2.14
SVK,2015,2.1,1.91,2.14
SVK,2016,2.1,1.92,2.15
SVK,2017,2.1,1.92,2.15
SVK,2018,2.1,1.93,2.15
SVK,2019,2.11,1.93,2.16
SVK,2020,2.11,1.93,2.16
SVN,2000,2.16,2.07,2.23
SVN,2001,2.15,2.06,2.23
SVN,2002,2.15,2.06,2.23
SVN,2003,2.15,2.06,2.23
SVN,2004,2.16,2.07,2.23
SVN,2005,2.14,2.05,2.22
SVN,2006,2.16,2.07,2.23
SVN,2007,2.16,2.07,2.23
SVN,2008,2.16,2.07,2.23
SVN,2009,2.16,2.07,2.23
SVN,2010,2.17,2.08,2.24
SVN,2011,2.16,2.07,2.24
SVN,2012,2.16,2.07,2.24
SVN,2013,2.17,2.08,2.24
SVN,2014,2.17,2.08,2.24
SVN,2015,2.17,2.08,2.24
SVN,2016,2.17,2.08,2.24
SVN,2017,2.17,2.08,2.24
SVN,2018,2.17,2.08,2.24
SVN,2019,2.17,2.08,2.24
SVN,2020,2.17,2.08,2.24
SWE,2000,1.4,1.35,1.45
SWE,2001,1.41,1.36,1.46
SWE,2002,1.41,1.36,1.46
SWE,2003,1.41,1.36,1.46
SWE,2004,1.41,1.36,1.46
SWE,2005,1.42,1.37,1.47
SWE,2006,1.41,1.36,1.46
SWE,2007,1.42,1.37,1.46
SWE,2008,1.42,1.37,1.46
SWE,2009,1.42,1.37,1.47
SWE,2010,1.42,1.37,1.47
SWE,2011,1.42,1.37,1.47
SWE,2012,1.42,1.37,1.47
SWE,2013,1.43,1.38,1.47
SWE,2014,1.43,1.38,1.47
SWE,2015,1.43,1.38,1.47
SWE,2016,1.43,1.38,1.47
SWE,2017,1.43,1.38,1.47
SWE,2018,1.43,1.38,1.47
SWE,2019,1.43,1.38,1.47
SWE,2020,1.44,1.39,1.48
SWZ,2000,1.66,1.58,1.64
SWZ,2001,1.68,1.6,1.66
SWZ,2002,1.68,1.6,1.66
SWZ,2003,1.67,1.59,1.66
SWZ,2004,1.67,1.59,1.65
SWZ,2005,1.71,1.63,1.69
SWZ,2006,1.67,1.58,1.65
SWZ,2007,1.67,1.58,1.65
SWZ,2008,1.66,1.57,1.65
SWZ,2009,1.66,1.57,1.65
SWZ,2010,1.65,1.55,1.64
SWZ,2011,1.66,1.56,1.65
SWZ,2012,1.65,1.56,1.65
SWZ,2013,1.65,1.56,1.64
SWZ,2014,1.65,1.55,1.64
SWZ,2015,1.63,1.54,1.62
SWZ,2016,1.65,1.54,1.64
SWZ,2017,1.64,1.54,1.64
SWZ,2018,1.65,1.54,1.65
SWZ,2019,1.64,1.53,1.64
SWZ,2020,1.64,1.53,1.64
SYC,2000,1.84,1.72,1.83
SYC,2001,1.86,1.73,1.86
SYC,2002,1.85,1.73,1.85
SYC,2003,1.85,1.73,1.85
SYC,2004,1.84,1.73,1.84
SYC,2005,1.88,1.75,1.89
SYC,2006,1.83,1.72,1.83
SYC,2007,1.83,1.72,1.83
SYC,2008,1.83,1.72,1.82
SYC,2009,1.82,1.72,1.82
SYC,2010,1.8,1.71,1.8
SYC,2011,1.81,1.71,1.81
SYC,2012,1.81,1.71,1.8
SYC,2013,1.8,1.71,1.8
SYC,2014,1.8,1.7,1.79
SYC,2015,1.78,1.7,1.77
SYC,2016,1.79,1.7,1.78
SYC,2017,1.79,1.7,1.78
SYC,2018,1.79,1.69,1.78
SYC,2019,1.78,1.69,1.77
SYC,2020,1.77,1.69,1.76
SYR,2000,4.61,4.32,4.61
SYR,2001,4.65,4.33,4.67
SYR,2002,4.66,4.34,4.68
SYR,2003,4.67,4.35,4.69
SYR,2004,4.68,4.37,4.71
SYR,2005,4.75,4.4,4.77
SYR,2006,4.7,4.39,4.73
SYR,2007,4.72,4.4,4.75
SYR,2008,4.73,4.41,4.76
SYR,2009,4.74,4.42,4.78
SYR,2010,4.74,4.4,4.8
SYR,2011,4.76,4.45,4.8
SYR,2012,4.77,4.46,4.82
SYR,2013,4.78,4.47,4.83
SYR,2014,4.79,4.48,4.84
SYR,2015,4.77,4.48,4.87
SYR,2016,4.81,4.51,4.87
SYR,2017,4.82,4.52,4.89
SYR,2018,4.84,4.56,4.87
SYR,2019,4.84,4.54,4.91
SYR,2020,4.85,4.56,4.93
TCD,2000,1.94,1.83,1.92
TCD,2001,1.94,1.83,1.93
TCD,2002,1.94,1.83,1.93
TCD,2003,1.94,1.83,1.93
TCD,2004,1.94,1.84,1.94
TCD,2005,1.94,1.82,1.95
TCD,2006,1.95,1.84,1.94
TCD,2007,1.95,1.84,1.94
TCD,2008,1.95,1.84,1.95
TCD,2009,1.95,1.84,1.95
TCD,2010,1.96,1.87,1.95
TCD,2011,1.95,1.85,1.95
TCD,2012,1.96,1.85,1.96
TCD,2013,1.96,1.85,1.96
TCD,2014,1.96,1.85,1.96
TCD,2015,1.95,1.86,1.96
TCD,2016,1.96,1.86,1.97
TCD,2017,1.96,1.86,1.97
TCD,2018,1.97,1.85,1.97
TCD,2019,1.97,1.86,1.97
TCD,2020,1.97,1.87,1.97
TGO,2000,1.94,1.85,1.93
TGO,2001,1.94,1.84,1.94
TGO,2002,1.94,1.84,1.94
TGO,2003,1.94,1.84,1.94
TGO,2004,1.94,1.84,1.94
TGO,2005,1.93,1.83,1.95
TGO,2006,1.94,1.84,1.94
TGO,2007,1.94,1.84,1.94
TGO,2008,1.94,1.84,1.94
TGO,2009,1.94,1.84,1.94
TGO,2010,1.96,1.83,1.95
TGO,2011,1.94,1.84,1.94
TGO,2012,1.95,1.83,1.94
TGO,2013,1.95,1.83,1.94
TGO,2014,1.95,1.83,1.94
TGO,2015,1.94,1.84,1.93
TGO,2016,1.95,1.83,1.94
TGO,2017,1.95,1.83,1.94
TGO,2018,1.95,1.83,1.94
TGO,2019,1.95,1.83,1.94
TGO,2020,1.95,1.83,1.94
THA,2000,1.84,1.87,1.81
THA,2001,1.85,1.88,1.82
THA,2002,1.85,1.88,1.82
THA,2003,1.85,1.88,1.82
THA,2004,1.85,1.88,1.82
THA,2005,1.87,1.9,1.83
THA,2006,1.86,1.89,1.82
THA,2007,1.86,1.89,1.82
THA,2008,1.86,1.89,1.82
THA,2009,1.86,1.89,1.82
THA,2010,1.86,1.89,1.82
THA,2011,1.86,1.89,1.82
THA,2012,1.86,1.89,1.82
THA,2013,1.86,1.89,1.82
THA,2014,1.86,1.89,1.82
THA,2015,1.86,1.89,1.82
THA,2016,1.86,1.89,1.82
THA,2017,1.86,1.89,1.82
THA,2018,1.86,1.89,1.82
THA,2019,1.86,1.89,1.82
THA,2020,1.87,1.9,1.82
TJK,2000,1.71,1.56,1.75
TJK,2001,1.77,1.62,1.81
TJK,2002,1.78,1.62,1.82
TJK,2003,1.79,1.63,1.83
TJK,2004,1.79,1.64,1.83
TJK,2005,1.87,1.7,1.91
TJK,2006,1.81,1.65,1.85
TJK,2007,1.82,1.66,1.86
TJK,2008,1.82,1.67,1.86
TJK,2009,1.83,1.67,1.87
TJK,2010,1.86,1.71,1.9
TJK,2011,1.84,1.69,1.89
TJK,2012,1.85,1.7,1.89
TJK,2013,1.86,1.7,1.9
TJK,2014,1.87,1.71,1.91
TJK,2015,1.85,1.7,1.9
TJK,2016,1.88,1.72,1.92
TJK,2017,1.89,1.73,1.93
TJK,2018,1.88,1.72,1.92
TJK,2019,1.9,1.74,1.94
TJK,2020,1.91,1.75,1.95
TKM,2000,2.04,1.88,2.09
TKM,2001,2.05,1.88,2.09
TKM,2002,2.05,1.88,2.09
TKM,2003,2.05,1.88,2.09
TKM,2004,2.05,1.88,2.1
TKM,2005,2.06,1.88,2.1
TKM,2006,2.05,1.88,2.1
TKM,2007,2.05,1.88,2.1
TKM,2008,2.05,1.88,2.1
TKM,2009,2.05,1.88,2.1
TKM,2010,2.06,1.89,2.1
TKM,2011,2.05,1.88,2.1
TKM,2012,2.06,1.88,2.1
TKM,2013,2.06,1.89,2.1
TKM,2014,2.06,1.89,2.1
TKM,2015,2.06,1.88,2.1
TKM,2016,2.06,1.89,2.11
TKM,2017,2.06,1.89,2.11
TKM,2018,2.05,1.89,2.11
TKM,2019,2.06,1.89,2.11
TKM,2020,2.06,1.89,2.11
TLS,2000,1.32,1.27,1.29
TLS,2001,1.33,1.28,1.29
TLS,2002,1.33,1.28,1.29
TLS,2003,1.33,1.28,1.29
TLS,2004,1.33,1.28,1.29
TLS,2005,1.33,1.28,1.29
TLS,2006,1.33,1.28,1.3
TLS,2007,1.33,1.28,1.3
TLS,2008,1.33,1.28,1.3
TLS,2009,1.33,1.28,1.3
TLS,2010,1.34,1.29,1.31
TLS,2011,1.33,1.28,1.3
TLS,2012,1.33,1.28,1.31
TLS,2013,1.33,1.28,1.31
TLS,2014,1.34,1.28,1.31
TLS,2015,1.34,1.28,1.31
TLS,2016,1.34,1.28,1.31
TLS,2017,1.34,1.28,1.31
TLS,2018,1.33,1.27,1.31
TLS,2019,1.34,1.28,1.31
TLS,2020,1.34,1.28,1.32
TON,2000,1.3,1.26,1.26
TON,2001,1.31,1.26,1.27
TON,2002,1.31,1.26,1.27
TON,2003,1.31,1.26,1.27
TON,2004,1.31,1.26,1.28
TON,2005,1.31,1.26,1.28
TON,2006,1.31,1.26,1.28
TON,2007,1.31,1.26,1.28
TON,2008,1.31,1.26,1.28
TON,2009,1.31,1.27,1.28
TON,2010,1.32,1.27,1.3
TON,2011,1.31,1.27,1.29
TON,2012,1.31,1.27,1.29
TON,2013,1.31,1.27,1.29
TON,2014,1.32,1.27,1.29
TON,2015,1.32,1.27,1.3
TON,2016,1.32,1.27,1.3
TON,2017,1.32,1.27,1.3
TON,2018,1.31,1.27,1.29
TON,2019,1.32,1.27,1.3
TON,2020,1.32,1.27,1.31
TTO,2000,2.76,2.6,2.9
TTO,2001,2.76,2.6,2.9
TTO,2002,2.74,2.58,2.88
TTO,2003,2.72,2.56,2.86
TTO,2004,2.7,2.54,2.84
TTO,2005,2.77,2.61,2.91
TTO,2006,2.66,2.51,2.8
TTO,2007,2.64,2.49,2.78
TTO,2008,2.62,2.47,2.76
TTO,2009,2.61,2.45,2.74
TTO,2010,2.48,2.33,2.61
TTO,2011,2.57,2.41,2.7
TTO,2012,2.55,2.4,2.68
TTO,2013,2.53,2.38,2.66
TTO,2014,2.51,2.36,2.64
TTO,2015,2.48,2.33,2.61
TTO,2016,2.47,2.32,2.6
TTO,2017,2.45,2.31,2.58
TTO,2018,2.48,2.33,2.61
TTO,2019,2.42,2.27,2.54
TTO,2020,2.4,2.25,2.52
TUN,2000,3.42,3.24,3.59
TUN,2001,3.43,3.25,3.6
TUN,2002,3.43,3.25,3.6
TUN,2003,3.43,3.25,3.6
TUN,2004,3.43,3.25,3.6
TUN,2005,3.43,3.25,3.6
TUN,2006,3.44,3.26,3.61
TUN,2007,3.44,3.26,3.61
TUN,2008,3.44,3.26,3.61
TUN,2009,3.45,3.26,3.62
TUN,2010,3.47,3.28,3.64
TUN,2011,3.45,3.26,3.62
TUN,2012,3.45,3.27,3.62
TUN,2013,3.46,3.27,3.63
TUN,2014,3.46,3.27,3.63
TUN,2015,3.46,3.27,3.63
TUN,2016,3.46,3.27,3.63
TUN,2017,3.47,3.28,3.64
TUN,2018,3.46,3.27,3.63
TUN,2019,3.47,3.28,3.64
TUN,2020,3.47,3.28,3.64
TUR,2000,3.61,3.47,3.75
TUR,2001,3.59,3.45,3.72
TUR,2002,3.59,3.45,3.72
TUR,2003,3.59,3.45,3.72
TUR,2004,3.59,3.45,3.73
TUR,2005,3.57,3.43,3.7
TUR,2006,3.59,3.45,3.73
TUR,2007,3.59,3.46,3.73
TUR,2008,3.59,3.46,3.73
TUR,2009,3.6,3.46,3.73
TUR,2010,3.57,3.44,3.71
TUR,2011,3.6,3.46,3.74
TUR,2012,3.6,3.46,3.74
TUR,2013,3.6,3.46,3.74
TUR,2014,3.6,3.47,3.74
TUR,2015,3.61,3.48,3.75
TUR,2016,3.6,3.47,3.74
TUR,2017,3.6,3.47,3.74
TUR,2018,3.62,3.48,3.76
TUR,2019,3.61,3.47,3.75
TUR,2020,3.61,3.48,3.75
TWN,2000,1.49,1.53,1.46
TWN,2001,1.51,1.54,1.48
TWN,2002,1.51,1.55,1.48
TWN,2003,1.51,1.55,1.48
TWN,2004,1.52,1.55,1.49
TWN,2005,1.53,1.56,1.5
TWN,2006,1.53,1.56,1.5
TWN,2007,1.53,1.56,1.5
TWN,2008,1.53,1.57,1.5
TWN,2009,1.54,1.57,1.51
TWN,2010,1.56,1.59,1.53
TWN,2011,1.55,1.58,1.52
TWN,2012,1.55,1.58,1.52
TWN,2013,1.55,1.58,1.52
TWN,2014,1.56,1.59,1.53
TWN,2015,1.56,1.59,1.53
TWN,2016,1.56,1.59,1.53
TWN,2017,1.57,1.6,1.54
TWN,2018,1.56,1.59,1.53
TWN,2019,1.58,1.6,1.55
TWN,2020,1.58,1.61,1.55
TZA,2000,2.33,2.28,2.37
TZA,2001,2.36,2.31,2.4
TZA,2002,2.35,2.3,2.39
TZA,2003,2.35,2.3,2.38
TZA,2004,2.34,2.29,2.38
TZA,2005,2.35,2.3,2.38
TZA,2006,2.33,2.28,2.36
TZA,2007,2.32,2.27,2.36
TZA,2008,2.31,2.26,2.35
TZA,2009,2.3,2.25,2.34
TZA,2010,2.36,2.31,2.4
TZA,2011,2.29,2.24,2.33
TZA,2012,2.28,2.23,2.32
TZA,2013,2.28,2.23,2.31
TZA,2014,2.27,2.22,2.31
TZA,2015,2.24,2.19,2.28
TZA,2016,2.26,2.21,2.29
TZA,2017,2.25,2.2,2.29
TZA,2018,2.22,2.17,2.26
TZA,2019,2.23,2.18,2.27
TZA,2020,2.23,2.18,2.27
UGA,2000,1.44,1.38,1.49
UGA,2001,1.44,1.39,1.49
UGA,2002,1.44,1.39,1.5
UGA,2003,1.44,1.39,1.5
UGA,2004,1.44,1.39,1.5
UGA,2005,1.44,1.39,1.5
UGA,2006,1.44,1.39,1.5
UGA,2007,1.44,1.39,1.5
UGA,2008,1.44,1.39,1.5
UGA,2009,1.45,1.39,1.5
UGA,2010,1.45,1.4,1.51
UGA,2011,1.45,1.39,1.51
UGA,2012,1.45,1.39,1.51
UGA,2013,1.45,1.39,1.51
UGA,2014,1.45,1.4,1.51
UGA,2015,1.45,1.4,1.51
UGA,2016,1.45,1.4,1.51
UGA,2017,1.45,1.4,1.51
UGA,2018,1.45,1.39,1.51
UGA,2019,1.45,1.4,1.51
UGA,2020,1.45,1.4,1.52
UKR,2000,2.03,1.88,2.06
UKR,2001,2.04,1.89,2.08
UKR,2002,2.06,1.9,2.1
UKR,2003,2.07,1.91,2.11
UKR,2004,2.09,1.92,2.13
UKR,2005,2.1,1.93,2.15
UKR,2006,2.11,1.94,2.17
UKR,2007,2.13,1.95,2.19
UKR,2008,2.14,1.96,2.2
UKR,2009,2.16,1.97,2.22
UKR,2010,2.17,1.98,2.24
UKR,2011,2.18,1.99,2.26
UKR,2012,2.2,2.0,2.28
UKR,2013,2.21,2.01,2.29
UKR,2014,2.23,2.02,2.31
UKR,2015,2.24,2.03,2.33
UKR,2016,2.25,2.04,2.35
UKR,2017,2.27,2.05,2.37
UKR,2018,2.28,2.06,2.38
UKR,2019,2.3,2.07,2.4
UKR,2020,2.31,2.08,2.42
